Timestamp	Họ và tên Anh/Chị	Chức vụ/Vị trí công tác	Đơn vị công tác	Tình huống công khai ngân sách cấp xã
31/08/2026 15:00:00	Nguyễn Văn Anh	Phó Trưởng phòng Tài chính	Phường Hải Vân	Đơn vị Uỷ ban nhân dân xã A thực hiện công khai ngân sách cấp xã chưa đầy đủ theo quy định tại Thông tư 343/2016/TT-BTC. Cụ thể: 1. Chưa công khai số liệu và thuyết minh dự toán ngân sách cấp xã trình Hội đồng nhân dân cấp xã. 2. Thiếu công khai thuyết minh quyết toán ngân sách cấp xã đã được Hội đồng nhân dân phê chuẩn. 3. Tình hình thực hiện dự toán ngân sách mới chỉ công khai theo năm, thiếu báo cáo mốc 03 tháng, 06 tháng, 09 tháng theo Mẫu số 03/CKNS-SCX.
31/08/2026 15:01:00	Trần Văn Anh	Công chức Văn phòng - Thống kê	Phường Tam Kỳ	Qua rà soát hồ sơ công khai tài chính của xã, phát hiện các điểm tồn tại sau: Thứ nhất, chưa thực hiện công khai thuyết minh dự toán ngân sách xã khi trình HĐND. Thứ hai, báo cáo quyết toán chưa đính kèm thuyết minh giải trình tình hình thu chi ngân sách đã được HĐND thông qua. Thứ ba, việc công khai tình hình thực hiện dự toán định kỳ bị gộp chung theo quý thay vì đúng các mốc thời gian quy định 3, 6, 9 tháng và cả năm.
31/08/2026 15:02:00	Lê Văn Anh	Công chức Địa chính - Xây dựng	Phường Quảng Phú	Đánh giá việc tuân thủ công khai ngân sách xã: Đơn vị đã niêm yết biểu mẫu nhưng chưa đạt yêu cầu về nội dung và thời hạn. 1) Thiếu bản thuyết minh dự toán ngân sách cấp xã trình HĐND cấp xã; 2) Thiếu công khai thuyết minh quyết toán ngân sách xã đã phê chuẩn; 3) Mốc công khai thực hiện dự toán chưa bảo đảm định kỳ 03 tháng, 06 tháng, 09 tháng và cả năm theo biểu mẫu số 03.
31/08/2026 15:03:00	Phạm Văn Anh	Phó Chủ tịch HĐND	Phường Hương Trà	Nội dung công khai ngân sách cấp xã còn 3 vướng mắc chính: (1) Số liệu dự toán trình HĐND xã chưa có thuyết minh chi tiết kèm theo; (2) Quyết toán ngân sách xã sau khi phê chuẩn thiếu nội dung thuyết minh thu chi; (3) Tình hình thực hiện dự toán ngân sách địa phương chưa đăng tải đúng mốc 3 tháng, 6 tháng và 9 tháng theo quy định.
31/08/2026 15:04:00	Vũ Văn Anh	Công chức Tài chính - Kế toán	Phường Bàn Thạch	Theo quy định hiện hành về công khai ngân sách cấp xã, UBND xã cần khắc phục ngay các thiếu sót: Bổ sung thuyết minh dự toán ngân sách trình HĐND; Bổ sung thuyết minh quyết toán ngân sách xã được HĐND phê chuẩn; Đảm bảo niêm yết công khai tình hình thực hiện dự toán ngân sách cấp xã đủ 4 mốc: 3 tháng, 6 tháng, 9 tháng và cả năm (theo Mẫu 03).
31/08/2026 15:05:00	Hoàng Văn Anh	Chuyên viên	Phường Điện Bàn	Đơn vị Uỷ ban nhân dân xã A thực hiện công khai ngân sách cấp xã chưa đầy đủ theo quy định tại Thông tư 343/2016/TT-BTC. Cụ thể: 1. Chưa công khai số liệu và thuyết minh dự toán ngân sách cấp xã trình Hội đồng nhân dân cấp xã. 2. Thiếu công khai thuyết minh quyết toán ngân sách cấp xã đã được Hội đồng nhân dân phê chuẩn. 3. Tình hình thực hiện dự toán ngân sách mới chỉ công khai theo năm, thiếu báo cáo mốc 03 tháng, 06 tháng, 09 tháng theo Mẫu số 03/CKNS-SCX.
31/08/2026 15:06:00	Phan Văn Anh	Kế toán trưởng	Phường Điện Bàn Đông	Qua rà soát hồ sơ công khai tài chính của xã, phát hiện các điểm tồn tại sau: Thứ nhất, chưa thực hiện công khai thuyết minh dự toán ngân sách xã khi trình HĐND. Thứ hai, báo cáo quyết toán chưa đính kèm thuyết minh giải trình tình hình thu chi ngân sách đã được HĐND thông qua. Thứ ba, việc công khai tình hình thực hiện dự toán định kỳ bị gộp chung theo quý thay vì đúng các mốc thời gian quy định 3, 6, 9 tháng và cả năm.
31/08/2026 15:07:00	Bùi Văn Anh	Phó Chủ tịch UBND	Phường An Thắng	Đánh giá việc tuân thủ công khai ngân sách xã: Đơn vị đã niêm yết biểu mẫu nhưng chưa đạt yêu cầu về nội dung và thời hạn. 1) Thiếu bản thuyết minh dự toán ngân sách cấp xã trình HĐND cấp xã; 2) Thiếu công khai thuyết minh quyết toán ngân sách xã đã phê chuẩn; 3) Mốc công khai thực hiện dự toán chưa bảo đảm định kỳ 03 tháng, 06 tháng, 09 tháng và cả năm theo biểu mẫu số 03.
31/08/2026 15:08:00	Đặng Văn Anh	Chủ tịch UBND	Phường Điện Bàn Bắc	Nội dung công khai ngân sách cấp xã còn 3 vướng mắc chính: (1) Số liệu dự toán trình HĐND xã chưa có thuyết minh chi tiết kèm theo; (2) Quyết toán ngân sách xã sau khi phê chuẩn thiếu nội dung thuyết minh thu chi; (3) Tình hình thực hiện dự toán ngân sách địa phương chưa đăng tải đúng mốc 3 tháng, 6 tháng và 9 tháng theo quy định.
31/08/2026 15:09:00	Đỗ Văn Anh	Trưởng phòng Tài chính	Phường Hội An	Theo quy định hiện hành về công khai ngân sách cấp xã, UBND xã cần khắc phục ngay các thiếu sót: Bổ sung thuyết minh dự toán ngân sách trình HĐND; Bổ sung thuyết minh quyết toán ngân sách xã được HĐND phê chuẩn; Đảm bảo niêm yết công khai tình hình thực hiện dự toán ngân sách cấp xã đủ 4 mốc: 3 tháng, 6 tháng, 9 tháng và cả năm (theo Mẫu 03).
31/08/2026 15:10:00	Hồ Văn Anh	Phó Trưởng phòng Tài chính	Phường Hội An Đông	Đơn vị Uỷ ban nhân dân xã A thực hiện công khai ngân sách cấp xã chưa đầy đủ theo quy định tại Thông tư 343/2016/TT-BTC. Cụ thể: 1. Chưa công khai số liệu và thuyết minh dự toán ngân sách cấp xã trình Hội đồng nhân dân cấp xã. 2. Thiếu công khai thuyết minh quyết toán ngân sách cấp xã đã được Hội đồng nhân dân phê chuẩn. 3. Tình hình thực hiện dự toán ngân sách mới chỉ công khai theo năm, thiếu báo cáo mốc 03 tháng, 06 tháng, 09 tháng theo Mẫu số 03/CKNS-SCX.
31/08/2026 15:11:00	Ngo Văn Anh	Công chức Văn phòng - Thống kê	Phường Hội An Tây	Qua rà soát hồ sơ công khai tài chính của xã, phát hiện các điểm tồn tại sau: Thứ nhất, chưa thực hiện công khai thuyết minh dự toán ngân sách xã khi trình HĐND. Thứ hai, báo cáo quyết toán chưa đính kèm thuyết minh giải trình tình hình thu chi ngân sách đã được HĐND thông qua. Thứ ba, việc công khai tình hình thực hiện dự toán định kỳ bị gộp chung theo quý thay vì đúng các mốc thời gian quy định 3, 6, 9 tháng và cả năm.
31/08/2026 15:12:00	Dương Văn Anh	Công chức Địa chính - Xây dựng	Xã Hòa Vang	Đánh giá việc tuân thủ công khai ngân sách xã: Đơn vị đã niêm yết biểu mẫu nhưng chưa đạt yêu cầu về nội dung và thời hạn. 1) Thiếu bản thuyết minh dự toán ngân sách cấp xã trình HĐND cấp xã; 2) Thiếu công khai thuyết minh quyết toán ngân sách xã đã phê chuẩn; 3) Mốc công khai thực hiện dự toán chưa bảo đảm định kỳ 03 tháng, 06 tháng, 09 tháng và cả năm theo biểu mẫu số 03.
31/08/2026 15:13:00	Đinh Văn Anh	Phó Chủ tịch HĐND	Xã Hòa Tiến	Nội dung công khai ngân sách cấp xã còn 3 vướng mắc chính: (1) Số liệu dự toán trình HĐND xã chưa có thuyết minh chi tiết kèm theo; (2) Quyết toán ngân sách xã sau khi phê chuẩn thiếu nội dung thuyết minh thu chi; (3) Tình hình thực hiện dự toán ngân sách địa phương chưa đăng tải đúng mốc 3 tháng, 6 tháng và 9 tháng theo quy định.
31/08/2026 15:14:00	Trương Văn Anh	Công chức Tài chính - Kế toán	Xã Bà Nà	Theo quy định hiện hành về công khai ngân sách cấp xã, UBND xã cần khắc phục ngay các thiếu sót: Bổ sung thuyết minh dự toán ngân sách trình HĐND; Bổ sung thuyết minh quyết toán ngân sách xã được HĐND phê chuẩn; Đảm bảo niêm yết công khai tình hình thực hiện dự toán ngân sách cấp xã đủ 4 mốc: 3 tháng, 6 tháng, 9 tháng và cả năm (theo Mẫu 03).
31/08/2026 15:15:00	Nguyễn Thị Anh	Chuyên viên	Xã Tam Anh	Đơn vị Uỷ ban nhân dân xã A thực hiện công khai ngân sách cấp xã chưa đầy đủ theo quy định tại Thông tư 343/2016/TT-BTC. Cụ thể: 1. Chưa công khai số liệu và thuyết minh dự toán ngân sách cấp xã trình Hội đồng nhân dân cấp xã. 2. Thiếu công khai thuyết minh quyết toán ngân sách cấp xã đã được Hội đồng nhân dân phê chuẩn. 3. Tình hình thực hiện dự toán ngân sách mới chỉ công khai theo năm, thiếu báo cáo mốc 03 tháng, 06 tháng, 09 tháng theo Mẫu số 03/CKNS-SCX.
31/08/2026 15:16:00	Trần Thị Anh	Kế toán trưởng	Xã Tam Xuân	Qua rà soát hồ sơ công khai tài chính của xã, phát hiện các điểm tồn tại sau: Thứ nhất, chưa thực hiện công khai thuyết minh dự toán ngân sách xã khi trình HĐND. Thứ hai, báo cáo quyết toán chưa đính kèm thuyết minh giải trình tình hình thu chi ngân sách đã được HĐND thông qua. Thứ ba, việc công khai tình hình thực hiện dự toán định kỳ bị gộp chung theo quý thay vì đúng các mốc thời gian quy định 3, 6, 9 tháng và cả năm.
31/08/2026 15:17:00	Lê Thị Anh	Phó Chủ tịch UBND	Xã Tây Hồ	Đánh giá việc tuân thủ công khai ngân sách xã: Đơn vị đã niêm yết biểu mẫu nhưng chưa đạt yêu cầu về nội dung và thời hạn. 1) Thiếu bản thuyết minh dự toán ngân sách cấp xã trình HĐND cấp xã; 2) Thiếu công khai thuyết minh quyết toán ngân sách xã đã phê chuẩn; 3) Mốc công khai thực hiện dự toán chưa bảo đảm định kỳ 03 tháng, 06 tháng, 09 tháng và cả năm theo biểu mẫu số 03.
31/08/2026 15:18:00	Phạm Thị Anh	Chủ tịch UBND	Xã Chiên Đàn	Nội dung công khai ngân sách cấp xã còn 3 vướng mắc chính: (1) Số liệu dự toán trình HĐND xã chưa có thuyết minh chi tiết kèm theo; (2) Quyết toán ngân sách xã sau khi phê chuẩn thiếu nội dung thuyết minh thu chi; (3) Tình hình thực hiện dự toán ngân sách địa phương chưa đăng tải đúng mốc 3 tháng, 6 tháng và 9 tháng theo quy định.
31/08/2026 15:19:00	Vũ Thị Anh	Trưởng phòng Tài chính	Xã Tiên Phước	Theo quy định hiện hành về công khai ngân sách cấp xã, UBND xã cần khắc phục ngay các thiếu sót: Bổ sung thuyết minh dự toán ngân sách trình HĐND; Bổ sung thuyết minh quyết toán ngân sách xã được HĐND phê chuẩn; Đảm bảo niêm yết công khai tình hình thực hiện dự toán ngân sách cấp xã đủ 4 mốc: 3 tháng, 6 tháng, 9 tháng và cả năm (theo Mẫu 03).
31/08/2026 15:20:00	Hoàng Thị Anh	Phó Trưởng phòng Tài chính	Xã Thạnh Bình	Đơn vị Uỷ ban nhân dân xã A thực hiện công khai ngân sách cấp xã chưa đầy đủ theo quy định tại Thông tư 343/2016/TT-BTC. Cụ thể: 1. Chưa công khai số liệu và thuyết minh dự toán ngân sách cấp xã trình Hội đồng nhân dân cấp xã. 2. Thiếu công khai thuyết minh quyết toán ngân sách cấp xã đã được Hội đồng nhân dân phê chuẩn. 3. Tình hình thực hiện dự toán ngân sách mới chỉ công khai theo năm, thiếu báo cáo mốc 03 tháng, 06 tháng, 09 tháng theo Mẫu số 03/CKNS-SCX.
31/08/2026 15:21:00	Phan Thị Anh	Công chức Văn phòng - Thống kê	Xã Sơn Cẩm Hà	Qua rà soát hồ sơ công khai tài chính của xã, phát hiện các điểm tồn tại sau: Thứ nhất, chưa thực hiện công khai thuyết minh dự toán ngân sách xã khi trình HĐND. Thứ hai, báo cáo quyết toán chưa đính kèm thuyết minh giải trình tình hình thu chi ngân sách đã được HĐND thông qua. Thứ ba, việc công khai tình hình thực hiện dự toán định kỳ bị gộp chung theo quý thay vì đúng các mốc thời gian quy định 3, 6, 9 tháng và cả năm.
31/08/2026 15:22:00	Bùi Thị Anh	Công chức Địa chính - Xây dựng	Xã Trà Liên	Đánh giá việc tuân thủ công khai ngân sách xã: Đơn vị đã niêm yết biểu mẫu nhưng chưa đạt yêu cầu về nội dung và thời hạn. 1) Thiếu bản thuyết minh dự toán ngân sách cấp xã trình HĐND cấp xã; 2) Thiếu công khai thuyết minh quyết toán ngân sách xã đã phê chuẩn; 3) Mốc công khai thực hiện dự toán chưa bảo đảm định kỳ 03 tháng, 06 tháng, 09 tháng và cả năm theo biểu mẫu số 03.
31/08/2026 15:23:00	Đặng Thị Anh	Phó Chủ tịch HĐND	Xã Trà Giáp	Nội dung công khai ngân sách cấp xã còn 3 vướng mắc chính: (1) Số liệu dự toán trình HĐND xã chưa có thuyết minh chi tiết kèm theo; (2) Quyết toán ngân sách xã sau khi phê chuẩn thiếu nội dung thuyết minh thu chi; (3) Tình hình thực hiện dự toán ngân sách địa phương chưa đăng tải đúng mốc 3 tháng, 6 tháng và 9 tháng theo quy định.
31/08/2026 15:24:00	Đỗ Thị Anh	Công chức Tài chính - Kế toán	Xã Trà Tân	Theo quy định hiện hành về công khai ngân sách cấp xã, UBND xã cần khắc phục ngay các thiếu sót: Bổ sung thuyết minh dự toán ngân sách trình HĐND; Bổ sung thuyết minh quyết toán ngân sách xã được HĐND phê chuẩn; Đảm bảo niêm yết công khai tình hình thực hiện dự toán ngân sách cấp xã đủ 4 mốc: 3 tháng, 6 tháng, 9 tháng và cả năm (theo Mẫu 03).
31/08/2026 15:25:00	Hồ Thị Anh	Chuyên viên	Xã Trà My	Đơn vị Uỷ ban nhân dân xã A thực hiện công khai ngân sách cấp xã chưa đầy đủ theo quy định tại Thông tư 343/2016/TT-BTC. Cụ thể: 1. Chưa công khai số liệu và thuyết minh dự toán ngân sách cấp xã trình Hội đồng nhân dân cấp xã. 2. Thiếu công khai thuyết minh quyết toán ngân sách cấp xã đã được Hội đồng nhân dân phê chuẩn. 3. Tình hình thực hiện dự toán ngân sách mới chỉ công khai theo năm, thiếu báo cáo mốc 03 tháng, 06 tháng, 09 tháng theo Mẫu số 03/CKNS-SCX.
31/08/2026 15:26:00	Ngo Thị Anh	Kế toán trưởng	Xã Nam Trà My	Qua rà soát hồ sơ công khai tài chính của xã, phát hiện các điểm tồn tại sau: Thứ nhất, chưa thực hiện công khai thuyết minh dự toán ngân sách xã khi trình HĐND. Thứ hai, báo cáo quyết toán chưa đính kèm thuyết minh giải trình tình hình thu chi ngân sách đã được HĐND thông qua. Thứ ba, việc công khai tình hình thực hiện dự toán định kỳ bị gộp chung theo quý thay vì đúng các mốc thời gian quy định 3, 6, 9 tháng và cả năm.
31/08/2026 15:27:00	Dương Thị Anh	Phó Chủ tịch UBND	Xã Trà Tập	Đánh giá việc tuân thủ công khai ngân sách xã: Đơn vị đã niêm yết biểu mẫu nhưng chưa đạt yêu cầu về nội dung và thời hạn. 1) Thiếu bản thuyết minh dự toán ngân sách cấp xã trình HĐND cấp xã; 2) Thiếu công khai thuyết minh quyết toán ngân sách xã đã phê chuẩn; 3) Mốc công khai thực hiện dự toán chưa bảo đảm định kỳ 03 tháng, 06 tháng, 09 tháng và cả năm theo biểu mẫu số 03.
31/08/2026 15:28:00	Đinh Thị Anh	Chủ tịch UBND	Xã Trà Vân	Nội dung công khai ngân sách cấp xã còn 3 vướng mắc chính: (1) Số liệu dự toán trình HĐND xã chưa có thuyết minh chi tiết kèm theo; (2) Quyết toán ngân sách xã sau khi phê chuẩn thiếu nội dung thuyết minh thu chi; (3) Tình hình thực hiện dự toán ngân sách địa phương chưa đăng tải đúng mốc 3 tháng, 6 tháng và 9 tháng theo quy định.
31/08/2026 15:29:00	Trương Thị Anh	Trưởng phòng Tài chính	Xã Trà Leng	Theo quy định hiện hành về công khai ngân sách cấp xã, UBND xã cần khắc phục ngay các thiếu sót: Bổ sung thuyết minh dự toán ngân sách trình HĐND; Bổ sung thuyết minh quyết toán ngân sách xã được HĐND phê chuẩn; Đảm bảo niêm yết công khai tình hình thực hiện dự toán ngân sách cấp xã đủ 4 mốc: 3 tháng, 6 tháng, 9 tháng và cả năm (theo Mẫu 03).
31/08/2026 15:30:00	Nguyễn Quốc Anh	Phó Trưởng phòng Tài chính	Xã Thăng Bình	Đơn vị Uỷ ban nhân dân xã A thực hiện công khai ngân sách cấp xã chưa đầy đủ theo quy định tại Thông tư 343/2016/TT-BTC. Cụ thể: 1. Chưa công khai số liệu và thuyết minh dự toán ngân sách cấp xã trình Hội đồng nhân dân cấp xã. 2. Thiếu công khai thuyết minh quyết toán ngân sách cấp xã đã được Hội đồng nhân dân phê chuẩn. 3. Tình hình thực hiện dự toán ngân sách mới chỉ công khai theo năm, thiếu báo cáo mốc 03 tháng, 06 tháng, 09 tháng theo Mẫu số 03/CKNS-SCX.
31/08/2026 15:31:00	Trần Quốc Anh	Công chức Văn phòng - Thống kê	Xã Thăng An	Qua rà soát hồ sơ công khai tài chính của xã, phát hiện các điểm tồn tại sau: Thứ nhất, chưa thực hiện công khai thuyết minh dự toán ngân sách xã khi trình HĐND. Thứ hai, báo cáo quyết toán chưa đính kèm thuyết minh giải trình tình hình thu chi ngân sách đã được HĐND thông qua. Thứ ba, việc công khai tình hình thực hiện dự toán định kỳ bị gộp chung theo quý thay vì đúng các mốc thời gian quy định 3, 6, 9 tháng và cả năm.
31/08/2026 15:32:00	Lê Quốc Anh	Công chức Địa chính - Xây dựng	Xã Thăng Trường	Đánh giá việc tuân thủ công khai ngân sách xã: Đơn vị đã niêm yết biểu mẫu nhưng chưa đạt yêu cầu về nội dung và thời hạn. 1) Thiếu bản thuyết minh dự toán ngân sách cấp xã trình HĐND cấp xã; 2) Thiếu công khai thuyết minh quyết toán ngân sách xã đã phê chuẩn; 3) Mốc công khai thực hiện dự toán chưa bảo đảm định kỳ 03 tháng, 06 tháng, 09 tháng và cả năm theo biểu mẫu số 03.
31/08/2026 15:33:00	Phạm Quốc Anh	Phó Chủ tịch HĐND	Xã Thăng Phú	Nội dung công khai ngân sách cấp xã còn 3 vướng mắc chính: (1) Số liệu dự toán trình HĐND xã chưa có thuyết minh chi tiết kèm theo; (2) Quyết toán ngân sách xã sau khi phê chuẩn thiếu nội dung thuyết minh thu chi; (3) Tình hình thực hiện dự toán ngân sách địa phương chưa đăng tải đúng mốc 3 tháng, 6 tháng và 9 tháng theo quy định.
31/08/2026 15:34:00	Vũ Quốc Anh	Công chức Tài chính - Kế toán	Xã Đồng Dương	Theo quy định hiện hành về công khai ngân sách cấp xã, UBND xã cần khắc phục ngay các thiếu sót: Bổ sung thuyết minh dự toán ngân sách trình HĐND; Bổ sung thuyết minh quyết toán ngân sách xã được HĐND phê chuẩn; Đảm bảo niêm yết công khai tình hình thực hiện dự toán ngân sách cấp xã đủ 4 mốc: 3 tháng, 6 tháng, 9 tháng và cả năm (theo Mẫu 03).
31/08/2026 15:35:00	Hoàng Quốc Anh	Chuyên viên	Xã Quế Sơn Trung	Đơn vị Uỷ ban nhân dân xã A thực hiện công khai ngân sách cấp xã chưa đầy đủ theo quy định tại Thông tư 343/2016/TT-BTC. Cụ thể: 1. Chưa công khai số liệu và thuyết minh dự toán ngân sách cấp xã trình Hội đồng nhân dân cấp xã. 2. Thiếu công khai thuyết minh quyết toán ngân sách cấp xã đã được Hội đồng nhân dân phê chuẩn. 3. Tình hình thực hiện dự toán ngân sách mới chỉ công khai theo năm, thiếu báo cáo mốc 03 tháng, 06 tháng, 09 tháng theo Mẫu số 03/CKNS-SCX.
31/08/2026 15:36:00	Phan Quốc Anh	Kế toán trưởng	Xã Xuân Phú	Qua rà soát hồ sơ công khai tài chính của xã, phát hiện các điểm tồn tại sau: Thứ nhất, chưa thực hiện công khai thuyết minh dự toán ngân sách xã khi trình HĐND. Thứ hai, báo cáo quyết toán chưa đính kèm thuyết minh giải trình tình hình thu chi ngân sách đã được HĐND thông qua. Thứ ba, việc công khai tình hình thực hiện dự toán định kỳ bị gộp chung theo quý thay vì đúng các mốc thời gian quy định 3, 6, 9 tháng và cả năm.
31/08/2026 15:37:00	Bùi Quốc Anh	Phó Chủ tịch UBND	Xã Nông Sơn	Đánh giá việc tuân thủ công khai ngân sách xã: Đơn vị đã niêm yết biểu mẫu nhưng chưa đạt yêu cầu về nội dung và thời hạn. 1) Thiếu bản thuyết minh dự toán ngân sách cấp xã trình HĐND cấp xã; 2) Thiếu công khai thuyết minh quyết toán ngân sách xã đã phê chuẩn; 3) Mốc công khai thực hiện dự toán chưa bảo đảm định kỳ 03 tháng, 06 tháng, 09 tháng và cả năm theo biểu mẫu số 03.
31/08/2026 15:38:00	Đặng Quốc Anh	Chủ tịch UBND	Xã Quế Phước	Nội dung công khai ngân sách cấp xã còn 3 vướng mắc chính: (1) Số liệu dự toán trình HĐND xã chưa có thuyết minh chi tiết kèm theo; (2) Quyết toán ngân sách xã sau khi phê chuẩn thiếu nội dung thuyết minh thu chi; (3) Tình hình thực hiện dự toán ngân sách địa phương chưa đăng tải đúng mốc 3 tháng, 6 tháng và 9 tháng theo quy định.
31/08/2026 15:39:00	Đỗ Quốc Anh	Trưởng phòng Tài chính	Xã Duy Nghĩa	Theo quy định hiện hành về công khai ngân sách cấp xã, UBND xã cần khắc phục ngay các thiếu sót: Bổ sung thuyết minh dự toán ngân sách trình HĐND; Bổ sung thuyết minh quyết toán ngân sách xã được HĐND phê chuẩn; Đảm bảo niêm yết công khai tình hình thực hiện dự toán ngân sách cấp xã đủ 4 mốc: 3 tháng, 6 tháng, 9 tháng và cả năm (theo Mẫu 03).
31/08/2026 15:40:00	Hồ Quốc Anh	Phó Trưởng phòng Tài chính	Xã Nam Phước	Đơn vị Uỷ ban nhân dân xã A thực hiện công khai ngân sách cấp xã chưa đầy đủ theo quy định tại Thông tư 343/2016/TT-BTC. Cụ thể: 1. Chưa công khai số liệu và thuyết minh dự toán ngân sách cấp xã trình Hội đồng nhân dân cấp xã. 2. Thiếu công khai thuyết minh quyết toán ngân sách cấp xã đã được Hội đồng nhân dân phê chuẩn. 3. Tình hình thực hiện dự toán ngân sách mới chỉ công khai theo năm, thiếu báo cáo mốc 03 tháng, 06 tháng, 09 tháng theo Mẫu số 03/CKNS-SCX.
31/08/2026 15:41:00	Ngo Quốc Anh	Công chức Văn phòng - Thống kê	Xã Duy Xuyên	Qua rà soát hồ sơ công khai tài chính của xã, phát hiện các điểm tồn tại sau: Thứ nhất, chưa thực hiện công khai thuyết minh dự toán ngân sách xã khi trình HĐND. Thứ hai, báo cáo quyết toán chưa đính kèm thuyết minh giải trình tình hình thu chi ngân sách đã được HĐND thông qua. Thứ ba, việc công khai tình hình thực hiện dự toán định kỳ bị gộp chung theo quý thay vì đúng các mốc thời gian quy định 3, 6, 9 tháng và cả năm.
31/08/2026 15:42:00	Dương Quốc Anh	Công chức Địa chính - Xây dựng	Xã Thu Bồn	Đánh giá việc tuân thủ công khai ngân sách xã: Đơn vị đã niêm yết biểu mẫu nhưng chưa đạt yêu cầu về nội dung và thời hạn. 1) Thiếu bản thuyết minh dự toán ngân sách cấp xã trình HĐND cấp xã; 2) Thiếu công khai thuyết minh quyết toán ngân sách xã đã phê chuẩn; 3) Mốc công khai thực hiện dự toán chưa bảo đảm định kỳ 03 tháng, 06 tháng, 09 tháng và cả năm theo biểu mẫu số 03.
31/08/2026 15:43:00	Đinh Quốc Anh	Phó Chủ tịch HĐND	Xã Điện Bàn Tây	Nội dung công khai ngân sách cấp xã còn 3 vướng mắc chính: (1) Số liệu dự toán trình HĐND xã chưa có thuyết minh chi tiết kèm theo; (2) Quyết toán ngân sách xã sau khi phê chuẩn thiếu nội dung thuyết minh thu chi; (3) Tình hình thực hiện dự toán ngân sách địa phương chưa đăng tải đúng mốc 3 tháng, 6 tháng và 9 tháng theo quy định.
31/08/2026 15:44:00	Trương Quốc Anh	Công chức Tài chính - Kế toán	Xã Gò Nổi	Theo quy định hiện hành về công khai ngân sách cấp xã, UBND xã cần khắc phục ngay các thiếu sót: Bổ sung thuyết minh dự toán ngân sách trình HĐND; Bổ sung thuyết minh quyết toán ngân sách xã được HĐND phê chuẩn; Đảm bảo niêm yết công khai tình hình thực hiện dự toán ngân sách cấp xã đủ 4 mốc: 3 tháng, 6 tháng, 9 tháng và cả năm (theo Mẫu 03).
31/08/2026 15:45:00	Nguyễn Nhật Anh	Chuyên viên	Xã Tân Hiệp	Đơn vị Uỷ ban nhân dân xã A thực hiện công khai ngân sách cấp xã chưa đầy đủ theo quy định tại Thông tư 343/2016/TT-BTC. Cụ thể: 1. Chưa công khai số liệu và thuyết minh dự toán ngân sách cấp xã trình Hội đồng nhân dân cấp xã. 2. Thiếu công khai thuyết minh quyết toán ngân sách cấp xã đã được Hội đồng nhân dân phê chuẩn. 3. Tình hình thực hiện dự toán ngân sách mới chỉ công khai theo năm, thiếu báo cáo mốc 03 tháng, 06 tháng, 09 tháng theo Mẫu số 03/CKNS-SCX.
31/08/2026 15:46:00	Trần Nhật Anh	Kế toán trưởng	Xã Đại Lộc	Qua rà soát hồ sơ công khai tài chính của xã, phát hiện các điểm tồn tại sau: Thứ nhất, chưa thực hiện công khai thuyết minh dự toán ngân sách xã khi trình HĐND. Thứ hai, báo cáo quyết toán chưa đính kèm thuyết minh giải trình tình hình thu chi ngân sách đã được HĐND thông qua. Thứ ba, việc công khai tình hình thực hiện dự toán định kỳ bị gộp chung theo quý thay vì đúng các mốc thời gian quy định 3, 6, 9 tháng và cả năm.
31/08/2026 15:47:00	Lê Nhật Anh	Phó Chủ tịch UBND	Xã Hà Nha	Đánh giá việc tuân thủ công khai ngân sách xã: Đơn vị đã niêm yết biểu mẫu nhưng chưa đạt yêu cầu về nội dung và thời hạn. 1) Thiếu bản thuyết minh dự toán ngân sách cấp xã trình HĐND cấp xã; 2) Thiếu công khai thuyết minh quyết toán ngân sách xã đã phê chuẩn; 3) Mốc công khai thực hiện dự toán chưa bảo đảm định kỳ 03 tháng, 06 tháng, 09 tháng và cả năm theo biểu mẫu số 03.
31/08/2026 15:48:00	Phạm Nhật Anh	Chủ tịch UBND	Xã Thượng Đức	Nội dung công khai ngân sách cấp xã còn 3 vướng mắc chính: (1) Số liệu dự toán trình HĐND xã chưa có thuyết minh chi tiết kèm theo; (2) Quyết toán ngân sách xã sau khi phê chuẩn thiếu nội dung thuyết minh thu chi; (3) Tình hình thực hiện dự toán ngân sách địa phương chưa đăng tải đúng mốc 3 tháng, 6 tháng và 9 tháng theo quy định.
31/08/2026 15:49:00	Vũ Nhật Anh	Trưởng phòng Tài chính	Xã Vu Gia	Theo quy định hiện hành về công khai ngân sách cấp xã, UBND xã cần khắc phục ngay các thiếu sót: Bổ sung thuyết minh dự toán ngân sách trình HĐND; Bổ sung thuyết minh quyết toán ngân sách xã được HĐND phê chuẩn; Đảm bảo niêm yết công khai tình hình thực hiện dự toán ngân sách cấp xã đủ 4 mốc: 3 tháng, 6 tháng, 9 tháng và cả năm (theo Mẫu 03).
31/08/2026 15:50:00	Hoàng Nhật Anh	Phó Trưởng phòng Tài chính	Xã Phú Thuận	Đơn vị Uỷ ban nhân dân xã A thực hiện công khai ngân sách cấp xã chưa đầy đủ theo quy định tại Thông tư 343/2016/TT-BTC. Cụ thể: 1. Chưa công khai số liệu và thuyết minh dự toán ngân sách cấp xã trình Hội đồng nhân dân cấp xã. 2. Thiếu công khai thuyết minh quyết toán ngân sách cấp xã đã được Hội đồng nhân dân phê chuẩn. 3. Tình hình thực hiện dự toán ngân sách mới chỉ công khai theo năm, thiếu báo cáo mốc 03 tháng, 06 tháng, 09 tháng theo Mẫu số 03/CKNS-SCX.
31/08/2026 15:51:00	Phan Nhật Anh	Công chức Văn phòng - Thống kê	Xã Thạnh Mỹ	Qua rà soát hồ sơ công khai tài chính của xã, phát hiện các điểm tồn tại sau: Thứ nhất, chưa thực hiện công khai thuyết minh dự toán ngân sách xã khi trình HĐND. Thứ hai, báo cáo quyết toán chưa đính kèm thuyết minh giải trình tình hình thu chi ngân sách đã được HĐND thông qua. Thứ ba, việc công khai tình hình thực hiện dự toán định kỳ bị gộp chung theo quý thay vì đúng các mốc thời gian quy định 3, 6, 9 tháng và cả năm.
31/08/2026 15:52:00	Bùi Nhật Anh	Công chức Địa chính - Xây dựng	Xã Bến Giằng	Đánh giá việc tuân thủ công khai ngân sách xã: Đơn vị đã niêm yết biểu mẫu nhưng chưa đạt yêu cầu về nội dung và thời hạn. 1) Thiếu bản thuyết minh dự toán ngân sách cấp xã trình HĐND cấp xã; 2) Thiếu công khai thuyết minh quyết toán ngân sách xã đã phê chuẩn; 3) Mốc công khai thực hiện dự toán chưa bảo đảm định kỳ 03 tháng, 06 tháng, 09 tháng và cả năm theo biểu mẫu số 03.
31/08/2026 15:53:00	Đặng Nhật Anh	Phó Chủ tịch HĐND	Xã Nam Giang	Nội dung công khai ngân sách cấp xã còn 3 vướng mắc chính: (1) Số liệu dự toán trình HĐND xã chưa có thuyết minh chi tiết kèm theo; (2) Quyết toán ngân sách xã sau khi phê chuẩn thiếu nội dung thuyết minh thu chi; (3) Tình hình thực hiện dự toán ngân sách địa phương chưa đăng tải đúng mốc 3 tháng, 6 tháng và 9 tháng theo quy định.
31/08/2026 15:54:00	Đỗ Nhật Anh	Công chức Tài chính - Kế toán	Xã Đắc Pring	Theo quy định hiện hành về công khai ngân sách cấp xã, UBND xã cần khắc phục ngay các thiếu sót: Bổ sung thuyết minh dự toán ngân sách trình HĐND; Bổ sung thuyết minh quyết toán ngân sách xã được HĐND phê chuẩn; Đảm bảo niêm yết công khai tình hình thực hiện dự toán ngân sách cấp xã đủ 4 mốc: 3 tháng, 6 tháng, 9 tháng và cả năm (theo Mẫu 03).
31/08/2026 15:55:00	Hồ Nhật Anh	Chuyên viên	Xã La Dêê	Đơn vị Uỷ ban nhân dân xã A thực hiện công khai ngân sách cấp xã chưa đầy đủ theo quy định tại Thông tư 343/2016/TT-BTC. Cụ thể: 1. Chưa công khai số liệu và thuyết minh dự toán ngân sách cấp xã trình Hội đồng nhân dân cấp xã. 2. Thiếu công khai thuyết minh quyết toán ngân sách cấp xã đã được Hội đồng nhân dân phê chuẩn. 3. Tình hình thực hiện dự toán ngân sách mới chỉ công khai theo năm, thiếu báo cáo mốc 03 tháng, 06 tháng, 09 tháng theo Mẫu số 03/CKNS-SCX.
31/08/2026 15:56:00	Ngo Nhật Anh	Kế toán trưởng	Xã La Êê	Qua rà soát hồ sơ công khai tài chính của xã, phát hiện các điểm tồn tại sau: Thứ nhất, chưa thực hiện công khai thuyết minh dự toán ngân sách xã khi trình HĐND. Thứ hai, báo cáo quyết toán chưa đính kèm thuyết minh giải trình tình hình thu chi ngân sách đã được HĐND thông qua. Thứ ba, việc công khai tình hình thực hiện dự toán định kỳ bị gộp chung theo quý thay vì đúng các mốc thời gian quy định 3, 6, 9 tháng và cả năm.
31/08/2026 15:57:00	Dương Nhật Anh	Phó Chủ tịch UBND	Xã Sông Vàng	Đánh giá việc tuân thủ công khai ngân sách xã: Đơn vị đã niêm yết biểu mẫu nhưng chưa đạt yêu cầu về nội dung và thời hạn. 1) Thiếu bản thuyết minh dự toán ngân sách cấp xã trình HĐND cấp xã; 2) Thiếu công khai thuyết minh quyết toán ngân sách xã đã phê chuẩn; 3) Mốc công khai thực hiện dự toán chưa bảo đảm định kỳ 03 tháng, 06 tháng, 09 tháng và cả năm theo biểu mẫu số 03.
31/08/2026 15:58:00	Đinh Nhật Anh	Chủ tịch UBND	Xã Sông Kôn	Nội dung công khai ngân sách cấp xã còn 3 vướng mắc chính: (1) Số liệu dự toán trình HĐND xã chưa có thuyết minh chi tiết kèm theo; (2) Quyết toán ngân sách xã sau khi phê chuẩn thiếu nội dung thuyết minh thu chi; (3) Tình hình thực hiện dự toán ngân sách địa phương chưa đăng tải đúng mốc 3 tháng, 6 tháng và 9 tháng theo quy định.
31/08/2026 15:59:00	Trương Nhật Anh	Trưởng phòng Tài chính	Xã Đông Giang	Theo quy định hiện hành về công khai ngân sách cấp xã, UBND xã cần khắc phục ngay các thiếu sót: Bổ sung thuyết minh dự toán ngân sách trình HĐND; Bổ sung thuyết minh quyết toán ngân sách xã được HĐND phê chuẩn; Đảm bảo niêm yết công khai tình hình thực hiện dự toán ngân sách cấp xã đủ 4 mốc: 3 tháng, 6 tháng, 9 tháng và cả năm (theo Mẫu 03).
31/08/2026 16:00:00	Nguyễn Thanh Anh	Phó Trưởng phòng Tài chính	Xã Avương	Đơn vị Uỷ ban nhân dân xã A thực hiện công khai ngân sách cấp xã chưa đầy đủ theo quy định tại Thông tư 343/2016/TT-BTC. Cụ thể: 1. Chưa công khai số liệu và thuyết minh dự toán ngân sách cấp xã trình Hội đồng nhân dân cấp xã. 2. Thiếu công khai thuyết minh quyết toán ngân sách cấp xã đã được Hội đồng nhân dân phê chuẩn. 3. Tình hình thực hiện dự toán ngân sách mới chỉ công khai theo năm, thiếu báo cáo mốc 03 tháng, 06 tháng, 09 tháng theo Mẫu số 03/CKNS-SCX.
31/08/2026 16:01:00	Trần Thanh Anh	Công chức Văn phòng - Thống kê	Xã Tây Giang	Qua rà soát hồ sơ công khai tài chính của xã, phát hiện các điểm tồn tại sau: Thứ nhất, chưa thực hiện công khai thuyết minh dự toán ngân sách xã khi trình HĐND. Thứ hai, báo cáo quyết toán chưa đính kèm thuyết minh giải trình tình hình thu chi ngân sách đã được HĐND thông qua. Thứ ba, việc công khai tình hình thực hiện dự toán định kỳ bị gộp chung theo quý thay vì đúng các mốc thời gian quy định 3, 6, 9 tháng và cả năm.
31/08/2026 16:02:00	Lê Thanh Anh	Công chức Địa chính - Xây dựng	Xã Hiệp Đức	Đánh giá việc tuân thủ công khai ngân sách xã: Đơn vị đã niêm yết biểu mẫu nhưng chưa đạt yêu cầu về nội dung và thời hạn. 1) Thiếu bản thuyết minh dự toán ngân sách cấp xã trình HĐND cấp xã; 2) Thiếu công khai thuyết minh quyết toán ngân sách xã đã phê chuẩn; 3) Mốc công khai thực hiện dự toán chưa bảo đảm định kỳ 03 tháng, 06 tháng, 09 tháng và cả năm theo biểu mẫu số 03.
31/08/2026 16:03:00	Phạm Thanh Anh	Phó Chủ tịch HĐND	Xã Việt An	Nội dung công khai ngân sách cấp xã còn 3 vướng mắc chính: (1) Số liệu dự toán trình HĐND xã chưa có thuyết minh chi tiết kèm theo; (2) Quyết toán ngân sách xã sau khi phê chuẩn thiếu nội dung thuyết minh thu chi; (3) Tình hình thực hiện dự toán ngân sách địa phương chưa đăng tải đúng mốc 3 tháng, 6 tháng và 9 tháng theo quy định.
31/08/2026 16:04:00	Vũ Thanh Anh	Công chức Tài chính - Kế toán	Xã Phước Trà	Theo quy định hiện hành về công khai ngân sách cấp xã, UBND xã cần khắc phục ngay các thiếu sót: Bổ sung thuyết minh dự toán ngân sách trình HĐND; Bổ sung thuyết minh quyết toán ngân sách xã được HĐND phê chuẩn; Đảm bảo niêm yết công khai tình hình thực hiện dự toán ngân sách cấp xã đủ 4 mốc: 3 tháng, 6 tháng, 9 tháng và cả năm (theo Mẫu 03).
31/08/2026 16:05:00	Hoàng Thanh Anh	Chuyên viên	Xã Khâm Đức	Đơn vị Uỷ ban nhân dân xã A thực hiện công khai ngân sách cấp xã chưa đầy đủ theo quy định tại Thông tư 343/2016/TT-BTC. Cụ thể: 1. Chưa công khai số liệu và thuyết minh dự toán ngân sách cấp xã trình Hội đồng nhân dân cấp xã. 2. Thiếu công khai thuyết minh quyết toán ngân sách cấp xã đã được Hội đồng nhân dân phê chuẩn. 3. Tình hình thực hiện dự toán ngân sách mới chỉ công khai theo năm, thiếu báo cáo mốc 03 tháng, 06 tháng, 09 tháng theo Mẫu số 03/CKNS-SCX.
31/08/2026 16:06:00	Phan Thanh Anh	Kế toán trưởng	Xã Phước Năng	Qua rà soát hồ sơ công khai tài chính của xã, phát hiện các điểm tồn tại sau: Thứ nhất, chưa thực hiện công khai thuyết minh dự toán ngân sách xã khi trình HĐND. Thứ hai, báo cáo quyết toán chưa đính kèm thuyết minh giải trình tình hình thu chi ngân sách đã được HĐND thông qua. Thứ ba, việc công khai tình hình thực hiện dự toán định kỳ bị gộp chung theo quý thay vì đúng các mốc thời gian quy định 3, 6, 9 tháng và cả năm.
31/08/2026 16:07:00	Bùi Thanh Anh	Phó Chủ tịch UBND	Xã Phước Chánh	Đánh giá việc tuân thủ công khai ngân sách xã: Đơn vị đã niêm yết biểu mẫu nhưng chưa đạt yêu cầu về nội dung và thời hạn. 1) Thiếu bản thuyết minh dự toán ngân sách cấp xã trình HĐND cấp xã; 2) Thiếu công khai thuyết minh quyết toán ngân sách xã đã phê chuẩn; 3) Mốc công khai thực hiện dự toán chưa bảo đảm định kỳ 03 tháng, 06 tháng, 09 tháng và cả năm theo biểu mẫu số 03.
31/08/2026 16:08:00	Đặng Thanh Anh	Chủ tịch UBND	Xã Phước Thành	Nội dung công khai ngân sách cấp xã còn 3 vướng mắc chính: (1) Số liệu dự toán trình HĐND xã chưa có thuyết minh chi tiết kèm theo; (2) Quyết toán ngân sách xã sau khi phê chuẩn thiếu nội dung thuyết minh thu chi; (3) Tình hình thực hiện dự toán ngân sách địa phương chưa đăng tải đúng mốc 3 tháng, 6 tháng và 9 tháng theo quy định.
31/08/2026 16:09:00	Đỗ Thanh Anh	Trưởng phòng Tài chính	Xã Phước Hiệp	Theo quy định hiện hành về công khai ngân sách cấp xã, UBND xã cần khắc phục ngay các thiếu sót: Bổ sung thuyết minh dự toán ngân sách trình HĐND; Bổ sung thuyết minh quyết toán ngân sách xã được HĐND phê chuẩn; Đảm bảo niêm yết công khai tình hình thực hiện dự toán ngân sách cấp xã đủ 4 mốc: 3 tháng, 6 tháng, 9 tháng và cả năm (theo Mẫu 03).
31/08/2026 16:10:00	Hồ Thanh Anh	Phó Trưởng phòng Tài chính	Xã Lãnh Ngọc	Đơn vị Uỷ ban nhân dân xã A thực hiện công khai ngân sách cấp xã chưa đầy đủ theo quy định tại Thông tư 343/2016/TT-BTC. Cụ thể: 1. Chưa công khai số liệu và thuyết minh dự toán ngân sách cấp xã trình Hội đồng nhân dân cấp xã. 2. Thiếu công khai thuyết minh quyết toán ngân sách cấp xã đã được Hội đồng nhân dân phê chuẩn. 3. Tình hình thực hiện dự toán ngân sách mới chỉ công khai theo năm, thiếu báo cáo mốc 03 tháng, 06 tháng, 09 tháng theo Mẫu số 03/CKNS-SCX.
31/08/2026 16:11:00	Ngo Thanh Anh	Công chức Văn phòng - Thống kê	Sở Tài chính	Qua rà soát hồ sơ công khai tài chính của xã, phát hiện các điểm tồn tại sau: Thứ nhất, chưa thực hiện công khai thuyết minh dự toán ngân sách xã khi trình HĐND. Thứ hai, báo cáo quyết toán chưa đính kèm thuyết minh giải trình tình hình thu chi ngân sách đã được HĐND thông qua. Thứ ba, việc công khai tình hình thực hiện dự toán định kỳ bị gộp chung theo quý thay vì đúng các mốc thời gian quy định 3, 6, 9 tháng và cả năm.
31/08/2026 16:12:00	Dương Thanh Anh	Công chức Địa chính - Xây dựng	Phường Hải Châu	Đánh giá việc tuân thủ công khai ngân sách xã: Đơn vị đã niêm yết biểu mẫu nhưng chưa đạt yêu cầu về nội dung và thời hạn. 1) Thiếu bản thuyết minh dự toán ngân sách cấp xã trình HĐND cấp xã; 2) Thiếu công khai thuyết minh quyết toán ngân sách xã đã phê chuẩn; 3) Mốc công khai thực hiện dự toán chưa bảo đảm định kỳ 03 tháng, 06 tháng, 09 tháng và cả năm theo biểu mẫu số 03.
31/08/2026 16:13:00	Đinh Thanh Anh	Phó Chủ tịch HĐND	Phường Hòa Cường	Nội dung công khai ngân sách cấp xã còn 3 vướng mắc chính: (1) Số liệu dự toán trình HĐND xã chưa có thuyết minh chi tiết kèm theo; (2) Quyết toán ngân sách xã sau khi phê chuẩn thiếu nội dung thuyết minh thu chi; (3) Tình hình thực hiện dự toán ngân sách địa phương chưa đăng tải đúng mốc 3 tháng, 6 tháng và 9 tháng theo quy định.
31/08/2026 16:14:00	Trương Thanh Anh	Công chức Tài chính - Kế toán	Phường Thanh Khê	Theo quy định hiện hành về công khai ngân sách cấp xã, UBND xã cần khắc phục ngay các thiếu sót: Bổ sung thuyết minh dự toán ngân sách trình HĐND; Bổ sung thuyết minh quyết toán ngân sách xã được HĐND phê chuẩn; Đảm bảo niêm yết công khai tình hình thực hiện dự toán ngân sách cấp xã đủ 4 mốc: 3 tháng, 6 tháng, 9 tháng và cả năm (theo Mẫu 03).
31/08/2026 16:15:00	Nguyễn Hoài Anh	Chuyên viên	Phường An Khê	Đơn vị Uỷ ban nhân dân xã A thực hiện công khai ngân sách cấp xã chưa đầy đủ theo quy định tại Thông tư 343/2016/TT-BTC. Cụ thể: 1. Chưa công khai số liệu và thuyết minh dự toán ngân sách cấp xã trình Hội đồng nhân dân cấp xã. 2. Thiếu công khai thuyết minh quyết toán ngân sách cấp xã đã được Hội đồng nhân dân phê chuẩn. 3. Tình hình thực hiện dự toán ngân sách mới chỉ công khai theo năm, thiếu báo cáo mốc 03 tháng, 06 tháng, 09 tháng theo Mẫu số 03/CKNS-SCX.
31/08/2026 16:16:00	Trần Hoài Anh	Kế toán trưởng	Phường An Hải	Qua rà soát hồ sơ công khai tài chính của xã, phát hiện các điểm tồn tại sau: Thứ nhất, chưa thực hiện công khai thuyết minh dự toán ngân sách xã khi trình HĐND. Thứ hai, báo cáo quyết toán chưa đính kèm thuyết minh giải trình tình hình thu chi ngân sách đã được HĐND thông qua. Thứ ba, việc công khai tình hình thực hiện dự toán định kỳ bị gộp chung theo quý thay vì đúng các mốc thời gian quy định 3, 6, 9 tháng và cả năm.
31/08/2026 16:17:00	Lê Hoài Anh	Phó Chủ tịch UBND	Phường Sơn Trà	Đánh giá việc tuân thủ công khai ngân sách xã: Đơn vị đã niêm yết biểu mẫu nhưng chưa đạt yêu cầu về nội dung và thời hạn. 1) Thiếu bản thuyết minh dự toán ngân sách cấp xã trình HĐND cấp xã; 2) Thiếu công khai thuyết minh quyết toán ngân sách xã đã phê chuẩn; 3) Mốc công khai thực hiện dự toán chưa bảo đảm định kỳ 03 tháng, 06 tháng, 09 tháng và cả năm theo biểu mẫu số 03.
31/08/2026 16:18:00	Phạm Hoài Anh	Chủ tịch UBND	Phường Ngũ Hành Sơn	Nội dung công khai ngân sách cấp xã còn 3 vướng mắc chính: (1) Số liệu dự toán trình HĐND xã chưa có thuyết minh chi tiết kèm theo; (2) Quyết toán ngân sách xã sau khi phê chuẩn thiếu nội dung thuyết minh thu chi; (3) Tình hình thực hiện dự toán ngân sách địa phương chưa đăng tải đúng mốc 3 tháng, 6 tháng và 9 tháng theo quy định.
31/08/2026 16:19:00	Vũ Hoài Anh	Trưởng phòng Tài chính	Phường Hòa Khánh	Theo quy định hiện hành về công khai ngân sách cấp xã, UBND xã cần khắc phục ngay các thiếu sót: Bổ sung thuyết minh dự toán ngân sách trình HĐND; Bổ sung thuyết minh quyết toán ngân sách xã được HĐND phê chuẩn; Đảm bảo niêm yết công khai tình hình thực hiện dự toán ngân sách cấp xã đủ 4 mốc: 3 tháng, 6 tháng, 9 tháng và cả năm (theo Mẫu 03).
31/08/2026 16:20:00	Hoàng Hoài Anh	Phó Trưởng phòng Tài chính	Phường Liên Chiểu	Đơn vị Uỷ ban nhân dân xã A thực hiện công khai ngân sách cấp xã chưa đầy đủ theo quy định tại Thông tư 343/2016/TT-BTC. Cụ thể: 1. Chưa công khai số liệu và thuyết minh dự toán ngân sách cấp xã trình Hội đồng nhân dân cấp xã. 2. Thiếu công khai thuyết minh quyết toán ngân sách cấp xã đã được Hội đồng nhân dân phê chuẩn. 3. Tình hình thực hiện dự toán ngân sách mới chỉ công khai theo năm, thiếu báo cáo mốc 03 tháng, 06 tháng, 09 tháng theo Mẫu số 03/CKNS-SCX.
31/08/2026 16:21:00	Phan Hoài Anh	Công chức Văn phòng - Thống kê	Phường Hải Vân	Qua rà soát hồ sơ công khai tài chính của xã, phát hiện các điểm tồn tại sau: Thứ nhất, chưa thực hiện công khai thuyết minh dự toán ngân sách xã khi trình HĐND. Thứ hai, báo cáo quyết toán chưa đính kèm thuyết minh giải trình tình hình thu chi ngân sách đã được HĐND thông qua. Thứ ba, việc công khai tình hình thực hiện dự toán định kỳ bị gộp chung theo quý thay vì đúng các mốc thời gian quy định 3, 6, 9 tháng và cả năm.
31/08/2026 16:22:00	Bùi Hoài Anh	Công chức Địa chính - Xây dựng	Phường Tam Kỳ	Đánh giá việc tuân thủ công khai ngân sách xã: Đơn vị đã niêm yết biểu mẫu nhưng chưa đạt yêu cầu về nội dung và thời hạn. 1) Thiếu bản thuyết minh dự toán ngân sách cấp xã trình HĐND cấp xã; 2) Thiếu công khai thuyết minh quyết toán ngân sách xã đã phê chuẩn; 3) Mốc công khai thực hiện dự toán chưa bảo đảm định kỳ 03 tháng, 06 tháng, 09 tháng và cả năm theo biểu mẫu số 03.
31/08/2026 16:23:00	Đặng Hoài Anh	Phó Chủ tịch HĐND	Phường Quảng Phú	Nội dung công khai ngân sách cấp xã còn 3 vướng mắc chính: (1) Số liệu dự toán trình HĐND xã chưa có thuyết minh chi tiết kèm theo; (2) Quyết toán ngân sách xã sau khi phê chuẩn thiếu nội dung thuyết minh thu chi; (3) Tình hình thực hiện dự toán ngân sách địa phương chưa đăng tải đúng mốc 3 tháng, 6 tháng và 9 tháng theo quy định.
31/08/2026 16:24:00	Đỗ Hoài Anh	Công chức Tài chính - Kế toán	Phường Hương Trà	Theo quy định hiện hành về công khai ngân sách cấp xã, UBND xã cần khắc phục ngay các thiếu sót: Bổ sung thuyết minh dự toán ngân sách trình HĐND; Bổ sung thuyết minh quyết toán ngân sách xã được HĐND phê chuẩn; Đảm bảo niêm yết công khai tình hình thực hiện dự toán ngân sách cấp xã đủ 4 mốc: 3 tháng, 6 tháng, 9 tháng và cả năm (theo Mẫu 03).
31/08/2026 16:25:00	Hồ Hoài Anh	Chuyên viên	Phường Bàn Thạch	Đơn vị Uỷ ban nhân dân xã A thực hiện công khai ngân sách cấp xã chưa đầy đủ theo quy định tại Thông tư 343/2016/TT-BTC. Cụ thể: 1. Chưa công khai số liệu và thuyết minh dự toán ngân sách cấp xã trình Hội đồng nhân dân cấp xã. 2. Thiếu công khai thuyết minh quyết toán ngân sách cấp xã đã được Hội đồng nhân dân phê chuẩn. 3. Tình hình thực hiện dự toán ngân sách mới chỉ công khai theo năm, thiếu báo cáo mốc 03 tháng, 06 tháng, 09 tháng theo Mẫu số 03/CKNS-SCX.
31/08/2026 16:26:00	Ngo Hoài Anh	Kế toán trưởng	Phường Điện Bàn	Qua rà soát hồ sơ công khai tài chính của xã, phát hiện các điểm tồn tại sau: Thứ nhất, chưa thực hiện công khai thuyết minh dự toán ngân sách xã khi trình HĐND. Thứ hai, báo cáo quyết toán chưa đính kèm thuyết minh giải trình tình hình thu chi ngân sách đã được HĐND thông qua. Thứ ba, việc công khai tình hình thực hiện dự toán định kỳ bị gộp chung theo quý thay vì đúng các mốc thời gian quy định 3, 6, 9 tháng và cả năm.
31/08/2026 16:27:00	Dương Hoài Anh	Phó Chủ tịch UBND	Phường Điện Bàn Đông	Đánh giá việc tuân thủ công khai ngân sách xã: Đơn vị đã niêm yết biểu mẫu nhưng chưa đạt yêu cầu về nội dung và thời hạn. 1) Thiếu bản thuyết minh dự toán ngân sách cấp xã trình HĐND cấp xã; 2) Thiếu công khai thuyết minh quyết toán ngân sách xã đã phê chuẩn; 3) Mốc công khai thực hiện dự toán chưa bảo đảm định kỳ 03 tháng, 06 tháng, 09 tháng và cả năm theo biểu mẫu số 03.
31/08/2026 16:28:00	Đinh Hoài Anh	Chủ tịch UBND	Phường An Thắng	Nội dung công khai ngân sách cấp xã còn 3 vướng mắc chính: (1) Số liệu dự toán trình HĐND xã chưa có thuyết minh chi tiết kèm theo; (2) Quyết toán ngân sách xã sau khi phê chuẩn thiếu nội dung thuyết minh thu chi; (3) Tình hình thực hiện dự toán ngân sách địa phương chưa đăng tải đúng mốc 3 tháng, 6 tháng và 9 tháng theo quy định.
31/08/2026 16:29:00	Trương Hoài Anh	Trưởng phòng Tài chính	Phường Điện Bàn Bắc	Theo quy định hiện hành về công khai ngân sách cấp xã, UBND xã cần khắc phục ngay các thiếu sót: Bổ sung thuyết minh dự toán ngân sách trình HĐND; Bổ sung thuyết minh quyết toán ngân sách xã được HĐND phê chuẩn; Đảm bảo niêm yết công khai tình hình thực hiện dự toán ngân sách cấp xã đủ 4 mốc: 3 tháng, 6 tháng, 9 tháng và cả năm (theo Mẫu 03).
31/08/2026 16:30:00	Nguyễn Tuấn Anh	Phó Trưởng phòng Tài chính	Phường Hội An	Đơn vị Uỷ ban nhân dân xã A thực hiện công khai ngân sách cấp xã chưa đầy đủ theo quy định tại Thông tư 343/2016/TT-BTC. Cụ thể: 1. Chưa công khai số liệu và thuyết minh dự toán ngân sách cấp xã trình Hội đồng nhân dân cấp xã. 2. Thiếu công khai thuyết minh quyết toán ngân sách cấp xã đã được Hội đồng nhân dân phê chuẩn. 3. Tình hình thực hiện dự toán ngân sách mới chỉ công khai theo năm, thiếu báo cáo mốc 03 tháng, 06 tháng, 09 tháng theo Mẫu số 03/CKNS-SCX.
31/08/2026 16:31:00	Trần Tuấn Anh	Công chức Văn phòng - Thống kê	Phường Hội An Đông	Qua rà soát hồ sơ công khai tài chính của xã, phát hiện các điểm tồn tại sau: Thứ nhất, chưa thực hiện công khai thuyết minh dự toán ngân sách xã khi trình HĐND. Thứ hai, báo cáo quyết toán chưa đính kèm thuyết minh giải trình tình hình thu chi ngân sách đã được HĐND thông qua. Thứ ba, việc công khai tình hình thực hiện dự toán định kỳ bị gộp chung theo quý thay vì đúng các mốc thời gian quy định 3, 6, 9 tháng và cả năm.
31/08/2026 16:32:00	Lê Tuấn Anh	Công chức Địa chính - Xây dựng	Phường Hội An Tây	Đánh giá việc tuân thủ công khai ngân sách xã: Đơn vị đã niêm yết biểu mẫu nhưng chưa đạt yêu cầu về nội dung và thời hạn. 1) Thiếu bản thuyết minh dự toán ngân sách cấp xã trình HĐND cấp xã; 2) Thiếu công khai thuyết minh quyết toán ngân sách xã đã phê chuẩn; 3) Mốc công khai thực hiện dự toán chưa bảo đảm định kỳ 03 tháng, 06 tháng, 09 tháng và cả năm theo biểu mẫu số 03.
31/08/2026 16:33:00	Phạm Tuấn Anh	Phó Chủ tịch HĐND	Xã Hòa Vang	Nội dung công khai ngân sách cấp xã còn 3 vướng mắc chính: (1) Số liệu dự toán trình HĐND xã chưa có thuyết minh chi tiết kèm theo; (2) Quyết toán ngân sách xã sau khi phê chuẩn thiếu nội dung thuyết minh thu chi; (3) Tình hình thực hiện dự toán ngân sách địa phương chưa đăng tải đúng mốc 3 tháng, 6 tháng và 9 tháng theo quy định.
31/08/2026 16:34:00	Vũ Tuấn Anh	Công chức Tài chính - Kế toán	Xã Hòa Tiến	Theo quy định hiện hành về công khai ngân sách cấp xã, UBND xã cần khắc phục ngay các thiếu sót: Bổ sung thuyết minh dự toán ngân sách trình HĐND; Bổ sung thuyết minh quyết toán ngân sách xã được HĐND phê chuẩn; Đảm bảo niêm yết công khai tình hình thực hiện dự toán ngân sách cấp xã đủ 4 mốc: 3 tháng, 6 tháng, 9 tháng và cả năm (theo Mẫu 03).
31/08/2026 16:35:00	Hoàng Tuấn Anh	Chuyên viên	Xã Bà Nà	Đơn vị Uỷ ban nhân dân xã A thực hiện công khai ngân sách cấp xã chưa đầy đủ theo quy định tại Thông tư 343/2016/TT-BTC. Cụ thể: 1. Chưa công khai số liệu và thuyết minh dự toán ngân sách cấp xã trình Hội đồng nhân dân cấp xã. 2. Thiếu công khai thuyết minh quyết toán ngân sách cấp xã đã được Hội đồng nhân dân phê chuẩn. 3. Tình hình thực hiện dự toán ngân sách mới chỉ công khai theo năm, thiếu báo cáo mốc 03 tháng, 06 tháng, 09 tháng theo Mẫu số 03/CKNS-SCX.
31/08/2026 16:36:00	Phan Tuấn Anh	Kế toán trưởng	Xã Tam Anh	Qua rà soát hồ sơ công khai tài chính của xã, phát hiện các điểm tồn tại sau: Thứ nhất, chưa thực hiện công khai thuyết minh dự toán ngân sách xã khi trình HĐND. Thứ hai, báo cáo quyết toán chưa đính kèm thuyết minh giải trình tình hình thu chi ngân sách đã được HĐND thông qua. Thứ ba, việc công khai tình hình thực hiện dự toán định kỳ bị gộp chung theo quý thay vì đúng các mốc thời gian quy định 3, 6, 9 tháng và cả năm.
31/08/2026 16:37:00	Bùi Tuấn Anh	Phó Chủ tịch UBND	Xã Tam Xuân	Đánh giá việc tuân thủ công khai ngân sách xã: Đơn vị đã niêm yết biểu mẫu nhưng chưa đạt yêu cầu về nội dung và thời hạn. 1) Thiếu bản thuyết minh dự toán ngân sách cấp xã trình HĐND cấp xã; 2) Thiếu công khai thuyết minh quyết toán ngân sách xã đã phê chuẩn; 3) Mốc công khai thực hiện dự toán chưa bảo đảm định kỳ 03 tháng, 06 tháng, 09 tháng và cả năm theo biểu mẫu số 03.
31/08/2026 16:38:00	Đặng Tuấn Anh	Chủ tịch UBND	Xã Tây Hồ	Nội dung công khai ngân sách cấp xã còn 3 vướng mắc chính: (1) Số liệu dự toán trình HĐND xã chưa có thuyết minh chi tiết kèm theo; (2) Quyết toán ngân sách xã sau khi phê chuẩn thiếu nội dung thuyết minh thu chi; (3) Tình hình thực hiện dự toán ngân sách địa phương chưa đăng tải đúng mốc 3 tháng, 6 tháng và 9 tháng theo quy định.
31/08/2026 16:39:00	Đỗ Tuấn Anh	Trưởng phòng Tài chính	Xã Chiên Đàn	Theo quy định hiện hành về công khai ngân sách cấp xã, UBND xã cần khắc phục ngay các thiếu sót: Bổ sung thuyết minh dự toán ngân sách trình HĐND; Bổ sung thuyết minh quyết toán ngân sách xã được HĐND phê chuẩn; Đảm bảo niêm yết công khai tình hình thực hiện dự toán ngân sách cấp xã đủ 4 mốc: 3 tháng, 6 tháng, 9 tháng và cả năm (theo Mẫu 03).
31/08/2026 16:40:00	Hồ Tuấn Anh	Phó Trưởng phòng Tài chính	Xã Tiên Phước	Đơn vị Uỷ ban nhân dân xã A thực hiện công khai ngân sách cấp xã chưa đầy đủ theo quy định tại Thông tư 343/2016/TT-BTC. Cụ thể: 1. Chưa công khai số liệu và thuyết minh dự toán ngân sách cấp xã trình Hội đồng nhân dân cấp xã. 2. Thiếu công khai thuyết minh quyết toán ngân sách cấp xã đã được Hội đồng nhân dân phê chuẩn. 3. Tình hình thực hiện dự toán ngân sách mới chỉ công khai theo năm, thiếu báo cáo mốc 03 tháng, 06 tháng, 09 tháng theo Mẫu số 03/CKNS-SCX.
31/08/2026 16:41:00	Ngo Tuấn Anh	Công chức Văn phòng - Thống kê	Xã Thạnh Bình	Qua rà soát hồ sơ công khai tài chính của xã, phát hiện các điểm tồn tại sau: Thứ nhất, chưa thực hiện công khai thuyết minh dự toán ngân sách xã khi trình HĐND. Thứ hai, báo cáo quyết toán chưa đính kèm thuyết minh giải trình tình hình thu chi ngân sách đã được HĐND thông qua. Thứ ba, việc công khai tình hình thực hiện dự toán định kỳ bị gộp chung theo quý thay vì đúng các mốc thời gian quy định 3, 6, 9 tháng và cả năm.
31/08/2026 16:42:00	Dương Tuấn Anh	Công chức Địa chính - Xây dựng	Xã Sơn Cẩm Hà	Đánh giá việc tuân thủ công khai ngân sách xã: Đơn vị đã niêm yết biểu mẫu nhưng chưa đạt yêu cầu về nội dung và thời hạn. 1) Thiếu bản thuyết minh dự toán ngân sách cấp xã trình HĐND cấp xã; 2) Thiếu công khai thuyết minh quyết toán ngân sách xã đã phê chuẩn; 3) Mốc công khai thực hiện dự toán chưa bảo đảm định kỳ 03 tháng, 06 tháng, 09 tháng và cả năm theo biểu mẫu số 03.
31/08/2026 16:43:00	Đinh Tuấn Anh	Phó Chủ tịch HĐND	Xã Trà Liên	Nội dung công khai ngân sách cấp xã còn 3 vướng mắc chính: (1) Số liệu dự toán trình HĐND xã chưa có thuyết minh chi tiết kèm theo; (2) Quyết toán ngân sách xã sau khi phê chuẩn thiếu nội dung thuyết minh thu chi; (3) Tình hình thực hiện dự toán ngân sách địa phương chưa đăng tải đúng mốc 3 tháng, 6 tháng và 9 tháng theo quy định.
31/08/2026 16:44:00	Trương Tuấn Anh	Công chức Tài chính - Kế toán	Xã Trà Giáp	Theo quy định hiện hành về công khai ngân sách cấp xã, UBND xã cần khắc phục ngay các thiếu sót: Bổ sung thuyết minh dự toán ngân sách trình HĐND; Bổ sung thuyết minh quyết toán ngân sách xã được HĐND phê chuẩn; Đảm bảo niêm yết công khai tình hình thực hiện dự toán ngân sách cấp xã đủ 4 mốc: 3 tháng, 6 tháng, 9 tháng và cả năm (theo Mẫu 03).
31/08/2026 16:45:00	Nguyễn Minh Anh	Chuyên viên	Xã Trà Tân	Đơn vị Uỷ ban nhân dân xã A thực hiện công khai ngân sách cấp xã chưa đầy đủ theo quy định tại Thông tư 343/2016/TT-BTC. Cụ thể: 1. Chưa công khai số liệu và thuyết minh dự toán ngân sách cấp xã trình Hội đồng nhân dân cấp xã. 2. Thiếu công khai thuyết minh quyết toán ngân sách cấp xã đã được Hội đồng nhân dân phê chuẩn. 3. Tình hình thực hiện dự toán ngân sách mới chỉ công khai theo năm, thiếu báo cáo mốc 03 tháng, 06 tháng, 09 tháng theo Mẫu số 03/CKNS-SCX.
31/08/2026 16:46:00	Trần Minh Anh	Kế toán trưởng	Xã Trà My	Qua rà soát hồ sơ công khai tài chính của xã, phát hiện các điểm tồn tại sau: Thứ nhất, chưa thực hiện công khai thuyết minh dự toán ngân sách xã khi trình HĐND. Thứ hai, báo cáo quyết toán chưa đính kèm thuyết minh giải trình tình hình thu chi ngân sách đã được HĐND thông qua. Thứ ba, việc công khai tình hình thực hiện dự toán định kỳ bị gộp chung theo quý thay vì đúng các mốc thời gian quy định 3, 6, 9 tháng và cả năm.
31/08/2026 16:47:00	Lê Minh Anh	Phó Chủ tịch UBND	Xã Nam Trà My	Đánh giá việc tuân thủ công khai ngân sách xã: Đơn vị đã niêm yết biểu mẫu nhưng chưa đạt yêu cầu về nội dung và thời hạn. 1) Thiếu bản thuyết minh dự toán ngân sách cấp xã trình HĐND cấp xã; 2) Thiếu công khai thuyết minh quyết toán ngân sách xã đã phê chuẩn; 3) Mốc công khai thực hiện dự toán chưa bảo đảm định kỳ 03 tháng, 06 tháng, 09 tháng và cả năm theo biểu mẫu số 03.
31/08/2026 16:48:00	Phạm Minh Anh	Chủ tịch UBND	Xã Trà Tập	Nội dung công khai ngân sách cấp xã còn 3 vướng mắc chính: (1) Số liệu dự toán trình HĐND xã chưa có thuyết minh chi tiết kèm theo; (2) Quyết toán ngân sách xã sau khi phê chuẩn thiếu nội dung thuyết minh thu chi; (3) Tình hình thực hiện dự toán ngân sách địa phương chưa đăng tải đúng mốc 3 tháng, 6 tháng và 9 tháng theo quy định.
31/08/2026 16:49:00	Vũ Minh Anh	Trưởng phòng Tài chính	Xã Trà Vân	Theo quy định hiện hành về công khai ngân sách cấp xã, UBND xã cần khắc phục ngay các thiếu sót: Bổ sung thuyết minh dự toán ngân sách trình HĐND; Bổ sung thuyết minh quyết toán ngân sách xã được HĐND phê chuẩn; Đảm bảo niêm yết công khai tình hình thực hiện dự toán ngân sách cấp xã đủ 4 mốc: 3 tháng, 6 tháng, 9 tháng và cả năm (theo Mẫu 03).
31/08/2026 16:50:00	Hoàng Minh Anh	Phó Trưởng phòng Tài chính	Xã Trà Leng	Đơn vị Uỷ ban nhân dân xã A thực hiện công khai ngân sách cấp xã chưa đầy đủ theo quy định tại Thông tư 343/2016/TT-BTC. Cụ thể: 1. Chưa công khai số liệu và thuyết minh dự toán ngân sách cấp xã trình Hội đồng nhân dân cấp xã. 2. Thiếu công khai thuyết minh quyết toán ngân sách cấp xã đã được Hội đồng nhân dân phê chuẩn. 3. Tình hình thực hiện dự toán ngân sách mới chỉ công khai theo năm, thiếu báo cáo mốc 03 tháng, 06 tháng, 09 tháng theo Mẫu số 03/CKNS-SCX.
31/08/2026 16:51:00	Phan Minh Anh	Công chức Văn phòng - Thống kê	Xã Thăng Bình	Qua rà soát hồ sơ công khai tài chính của xã, phát hiện các điểm tồn tại sau: Thứ nhất, chưa thực hiện công khai thuyết minh dự toán ngân sách xã khi trình HĐND. Thứ hai, báo cáo quyết toán chưa đính kèm thuyết minh giải trình tình hình thu chi ngân sách đã được HĐND thông qua. Thứ ba, việc công khai tình hình thực hiện dự toán định kỳ bị gộp chung theo quý thay vì đúng các mốc thời gian quy định 3, 6, 9 tháng và cả năm.
31/08/2026 16:52:00	Bùi Minh Anh	Công chức Địa chính - Xây dựng	Xã Thăng An	Đánh giá việc tuân thủ công khai ngân sách xã: Đơn vị đã niêm yết biểu mẫu nhưng chưa đạt yêu cầu về nội dung và thời hạn. 1) Thiếu bản thuyết minh dự toán ngân sách cấp xã trình HĐND cấp xã; 2) Thiếu công khai thuyết minh quyết toán ngân sách xã đã phê chuẩn; 3) Mốc công khai thực hiện dự toán chưa bảo đảm định kỳ 03 tháng, 06 tháng, 09 tháng và cả năm theo biểu mẫu số 03.
31/08/2026 16:53:00	Đặng Minh Anh	Phó Chủ tịch HĐND	Xã Thăng Trường	Nội dung công khai ngân sách cấp xã còn 3 vướng mắc chính: (1) Số liệu dự toán trình HĐND xã chưa có thuyết minh chi tiết kèm theo; (2) Quyết toán ngân sách xã sau khi phê chuẩn thiếu nội dung thuyết minh thu chi; (3) Tình hình thực hiện dự toán ngân sách địa phương chưa đăng tải đúng mốc 3 tháng, 6 tháng và 9 tháng theo quy định.
31/08/2026 16:54:00	Đỗ Minh Anh	Công chức Tài chính - Kế toán	Xã Thăng Phú	Theo quy định hiện hành về công khai ngân sách cấp xã, UBND xã cần khắc phục ngay các thiếu sót: Bổ sung thuyết minh dự toán ngân sách trình HĐND; Bổ sung thuyết minh quyết toán ngân sách xã được HĐND phê chuẩn; Đảm bảo niêm yết công khai tình hình thực hiện dự toán ngân sách cấp xã đủ 4 mốc: 3 tháng, 6 tháng, 9 tháng và cả năm (theo Mẫu 03).
31/08/2026 16:55:00	Hồ Minh Anh	Chuyên viên	Xã Đồng Dương	Đơn vị Uỷ ban nhân dân xã A thực hiện công khai ngân sách cấp xã chưa đầy đủ theo quy định tại Thông tư 343/2016/TT-BTC. Cụ thể: 1. Chưa công khai số liệu và thuyết minh dự toán ngân sách cấp xã trình Hội đồng nhân dân cấp xã. 2. Thiếu công khai thuyết minh quyết toán ngân sách cấp xã đã được Hội đồng nhân dân phê chuẩn. 3. Tình hình thực hiện dự toán ngân sách mới chỉ công khai theo năm, thiếu báo cáo mốc 03 tháng, 06 tháng, 09 tháng theo Mẫu số 03/CKNS-SCX.
31/08/2026 16:56:00	Ngo Minh Anh	Kế toán trưởng	Xã Quế Sơn Trung	Qua rà soát hồ sơ công khai tài chính của xã, phát hiện các điểm tồn tại sau: Thứ nhất, chưa thực hiện công khai thuyết minh dự toán ngân sách xã khi trình HĐND. Thứ hai, báo cáo quyết toán chưa đính kèm thuyết minh giải trình tình hình thu chi ngân sách đã được HĐND thông qua. Thứ ba, việc công khai tình hình thực hiện dự toán định kỳ bị gộp chung theo quý thay vì đúng các mốc thời gian quy định 3, 6, 9 tháng và cả năm.
31/08/2026 16:57:00	Dương Minh Anh	Phó Chủ tịch UBND	Xã Xuân Phú	Đánh giá việc tuân thủ công khai ngân sách xã: Đơn vị đã niêm yết biểu mẫu nhưng chưa đạt yêu cầu về nội dung và thời hạn. 1) Thiếu bản thuyết minh dự toán ngân sách cấp xã trình HĐND cấp xã; 2) Thiếu công khai thuyết minh quyết toán ngân sách xã đã phê chuẩn; 3) Mốc công khai thực hiện dự toán chưa bảo đảm định kỳ 03 tháng, 06 tháng, 09 tháng và cả năm theo biểu mẫu số 03.
31/08/2026 16:58:00	Đinh Minh Anh	Chủ tịch UBND	Xã Nông Sơn	Nội dung công khai ngân sách cấp xã còn 3 vướng mắc chính: (1) Số liệu dự toán trình HĐND xã chưa có thuyết minh chi tiết kèm theo; (2) Quyết toán ngân sách xã sau khi phê chuẩn thiếu nội dung thuyết minh thu chi; (3) Tình hình thực hiện dự toán ngân sách địa phương chưa đăng tải đúng mốc 3 tháng, 6 tháng và 9 tháng theo quy định.
31/08/2026 16:59:00	Trương Minh Anh	Trưởng phòng Tài chính	Xã Quế Phước	Theo quy định hiện hành về công khai ngân sách cấp xã, UBND xã cần khắc phục ngay các thiếu sót: Bổ sung thuyết minh dự toán ngân sách trình HĐND; Bổ sung thuyết minh quyết toán ngân sách xã được HĐND phê chuẩn; Đảm bảo niêm yết công khai tình hình thực hiện dự toán ngân sách cấp xã đủ 4 mốc: 3 tháng, 6 tháng, 9 tháng và cả năm (theo Mẫu 03).
31/08/2026 17:00:00	Nguyễn Đức Anh	Phó Trưởng phòng Tài chính	Xã Duy Nghĩa	Đơn vị Uỷ ban nhân dân xã A thực hiện công khai ngân sách cấp xã chưa đầy đủ theo quy định tại Thông tư 343/2016/TT-BTC. Cụ thể: 1. Chưa công khai số liệu và thuyết minh dự toán ngân sách cấp xã trình Hội đồng nhân dân cấp xã. 2. Thiếu công khai thuyết minh quyết toán ngân sách cấp xã đã được Hội đồng nhân dân phê chuẩn. 3. Tình hình thực hiện dự toán ngân sách mới chỉ công khai theo năm, thiếu báo cáo mốc 03 tháng, 06 tháng, 09 tháng theo Mẫu số 03/CKNS-SCX.
31/08/2026 17:01:00	Trần Đức Anh	Công chức Văn phòng - Thống kê	Xã Nam Phước	Qua rà soát hồ sơ công khai tài chính của xã, phát hiện các điểm tồn tại sau: Thứ nhất, chưa thực hiện công khai thuyết minh dự toán ngân sách xã khi trình HĐND. Thứ hai, báo cáo quyết toán chưa đính kèm thuyết minh giải trình tình hình thu chi ngân sách đã được HĐND thông qua. Thứ ba, việc công khai tình hình thực hiện dự toán định kỳ bị gộp chung theo quý thay vì đúng các mốc thời gian quy định 3, 6, 9 tháng và cả năm.
31/08/2026 17:02:00	Lê Đức Anh	Công chức Địa chính - Xây dựng	Xã Duy Xuyên	Đánh giá việc tuân thủ công khai ngân sách xã: Đơn vị đã niêm yết biểu mẫu nhưng chưa đạt yêu cầu về nội dung và thời hạn. 1) Thiếu bản thuyết minh dự toán ngân sách cấp xã trình HĐND cấp xã; 2) Thiếu công khai thuyết minh quyết toán ngân sách xã đã phê chuẩn; 3) Mốc công khai thực hiện dự toán chưa bảo đảm định kỳ 03 tháng, 06 tháng, 09 tháng và cả năm theo biểu mẫu số 03.
31/08/2026 17:03:00	Phạm Đức Anh	Phó Chủ tịch HĐND	Xã Thu Bồn	Nội dung công khai ngân sách cấp xã còn 3 vướng mắc chính: (1) Số liệu dự toán trình HĐND xã chưa có thuyết minh chi tiết kèm theo; (2) Quyết toán ngân sách xã sau khi phê chuẩn thiếu nội dung thuyết minh thu chi; (3) Tình hình thực hiện dự toán ngân sách địa phương chưa đăng tải đúng mốc 3 tháng, 6 tháng và 9 tháng theo quy định.
31/08/2026 17:04:00	Vũ Đức Anh	Công chức Tài chính - Kế toán	Xã Điện Bàn Tây	Theo quy định hiện hành về công khai ngân sách cấp xã, UBND xã cần khắc phục ngay các thiếu sót: Bổ sung thuyết minh dự toán ngân sách trình HĐND; Bổ sung thuyết minh quyết toán ngân sách xã được HĐND phê chuẩn; Đảm bảo niêm yết công khai tình hình thực hiện dự toán ngân sách cấp xã đủ 4 mốc: 3 tháng, 6 tháng, 9 tháng và cả năm (theo Mẫu 03).
31/08/2026 17:05:00	Hoàng Đức Anh	Chuyên viên	Xã Gò Nổi	Đơn vị Uỷ ban nhân dân xã A thực hiện công khai ngân sách cấp xã chưa đầy đủ theo quy định tại Thông tư 343/2016/TT-BTC. Cụ thể: 1. Chưa công khai số liệu và thuyết minh dự toán ngân sách cấp xã trình Hội đồng nhân dân cấp xã. 2. Thiếu công khai thuyết minh quyết toán ngân sách cấp xã đã được Hội đồng nhân dân phê chuẩn. 3. Tình hình thực hiện dự toán ngân sách mới chỉ công khai theo năm, thiếu báo cáo mốc 03 tháng, 06 tháng, 09 tháng theo Mẫu số 03/CKNS-SCX.
31/08/2026 17:06:00	Phan Đức Anh	Kế toán trưởng	Xã Tân Hiệp	Qua rà soát hồ sơ công khai tài chính của xã, phát hiện các điểm tồn tại sau: Thứ nhất, chưa thực hiện công khai thuyết minh dự toán ngân sách xã khi trình HĐND. Thứ hai, báo cáo quyết toán chưa đính kèm thuyết minh giải trình tình hình thu chi ngân sách đã được HĐND thông qua. Thứ ba, việc công khai tình hình thực hiện dự toán định kỳ bị gộp chung theo quý thay vì đúng các mốc thời gian quy định 3, 6, 9 tháng và cả năm.
31/08/2026 17:07:00	Bùi Đức Anh	Phó Chủ tịch UBND	Xã Đại Lộc	Đánh giá việc tuân thủ công khai ngân sách xã: Đơn vị đã niêm yết biểu mẫu nhưng chưa đạt yêu cầu về nội dung và thời hạn. 1) Thiếu bản thuyết minh dự toán ngân sách cấp xã trình HĐND cấp xã; 2) Thiếu công khai thuyết minh quyết toán ngân sách xã đã phê chuẩn; 3) Mốc công khai thực hiện dự toán chưa bảo đảm định kỳ 03 tháng, 06 tháng, 09 tháng và cả năm theo biểu mẫu số 03.
31/08/2026 17:08:00	Đặng Đức Anh	Chủ tịch UBND	Xã Hà Nha	Nội dung công khai ngân sách cấp xã còn 3 vướng mắc chính: (1) Số liệu dự toán trình HĐND xã chưa có thuyết minh chi tiết kèm theo; (2) Quyết toán ngân sách xã sau khi phê chuẩn thiếu nội dung thuyết minh thu chi; (3) Tình hình thực hiện dự toán ngân sách địa phương chưa đăng tải đúng mốc 3 tháng, 6 tháng và 9 tháng theo quy định.
31/08/2026 17:09:00	Đỗ Đức Anh	Trưởng phòng Tài chính	Xã Thượng Đức	Theo quy định hiện hành về công khai ngân sách cấp xã, UBND xã cần khắc phục ngay các thiếu sót: Bổ sung thuyết minh dự toán ngân sách trình HĐND; Bổ sung thuyết minh quyết toán ngân sách xã được HĐND phê chuẩn; Đảm bảo niêm yết công khai tình hình thực hiện dự toán ngân sách cấp xã đủ 4 mốc: 3 tháng, 6 tháng, 9 tháng và cả năm (theo Mẫu 03).
31/08/2026 17:10:00	Hồ Đức Anh	Phó Trưởng phòng Tài chính	Xã Vu Gia	Đơn vị Uỷ ban nhân dân xã A thực hiện công khai ngân sách cấp xã chưa đầy đủ theo quy định tại Thông tư 343/2016/TT-BTC. Cụ thể: 1. Chưa công khai số liệu và thuyết minh dự toán ngân sách cấp xã trình Hội đồng nhân dân cấp xã. 2. Thiếu công khai thuyết minh quyết toán ngân sách cấp xã đã được Hội đồng nhân dân phê chuẩn. 3. Tình hình thực hiện dự toán ngân sách mới chỉ công khai theo năm, thiếu báo cáo mốc 03 tháng, 06 tháng, 09 tháng theo Mẫu số 03/CKNS-SCX.
31/08/2026 17:11:00	Ngo Đức Anh	Công chức Văn phòng - Thống kê	Xã Phú Thuận	Qua rà soát hồ sơ công khai tài chính của xã, phát hiện các điểm tồn tại sau: Thứ nhất, chưa thực hiện công khai thuyết minh dự toán ngân sách xã khi trình HĐND. Thứ hai, báo cáo quyết toán chưa đính kèm thuyết minh giải trình tình hình thu chi ngân sách đã được HĐND thông qua. Thứ ba, việc công khai tình hình thực hiện dự toán định kỳ bị gộp chung theo quý thay vì đúng các mốc thời gian quy định 3, 6, 9 tháng và cả năm.
31/08/2026 17:12:00	Dương Đức Anh	Công chức Địa chính - Xây dựng	Xã Thạnh Mỹ	Đánh giá việc tuân thủ công khai ngân sách xã: Đơn vị đã niêm yết biểu mẫu nhưng chưa đạt yêu cầu về nội dung và thời hạn. 1) Thiếu bản thuyết minh dự toán ngân sách cấp xã trình HĐND cấp xã; 2) Thiếu công khai thuyết minh quyết toán ngân sách xã đã phê chuẩn; 3) Mốc công khai thực hiện dự toán chưa bảo đảm định kỳ 03 tháng, 06 tháng, 09 tháng và cả năm theo biểu mẫu số 03.
31/08/2026 17:13:00	Đinh Đức Anh	Phó Chủ tịch HĐND	Xã Bến Giằng	Nội dung công khai ngân sách cấp xã còn 3 vướng mắc chính: (1) Số liệu dự toán trình HĐND xã chưa có thuyết minh chi tiết kèm theo; (2) Quyết toán ngân sách xã sau khi phê chuẩn thiếu nội dung thuyết minh thu chi; (3) Tình hình thực hiện dự toán ngân sách địa phương chưa đăng tải đúng mốc 3 tháng, 6 tháng và 9 tháng theo quy định.
31/08/2026 17:14:00	Trương Đức Anh	Công chức Tài chính - Kế toán	Xã Nam Giang	Theo quy định hiện hành về công khai ngân sách cấp xã, UBND xã cần khắc phục ngay các thiếu sót: Bổ sung thuyết minh dự toán ngân sách trình HĐND; Bổ sung thuyết minh quyết toán ngân sách xã được HĐND phê chuẩn; Đảm bảo niêm yết công khai tình hình thực hiện dự toán ngân sách cấp xã đủ 4 mốc: 3 tháng, 6 tháng, 9 tháng và cả năm (theo Mẫu 03).
31/08/2026 17:15:00	Nguyễn Ngọc Anh	Chuyên viên	Xã Đắc Pring	Đơn vị Uỷ ban nhân dân xã A thực hiện công khai ngân sách cấp xã chưa đầy đủ theo quy định tại Thông tư 343/2016/TT-BTC. Cụ thể: 1. Chưa công khai số liệu và thuyết minh dự toán ngân sách cấp xã trình Hội đồng nhân dân cấp xã. 2. Thiếu công khai thuyết minh quyết toán ngân sách cấp xã đã được Hội đồng nhân dân phê chuẩn. 3. Tình hình thực hiện dự toán ngân sách mới chỉ công khai theo năm, thiếu báo cáo mốc 03 tháng, 06 tháng, 09 tháng theo Mẫu số 03/CKNS-SCX.
31/08/2026 17:16:00	Trần Ngọc Anh	Kế toán trưởng	Xã La Dêê	Qua rà soát hồ sơ công khai tài chính của xã, phát hiện các điểm tồn tại sau: Thứ nhất, chưa thực hiện công khai thuyết minh dự toán ngân sách xã khi trình HĐND. Thứ hai, báo cáo quyết toán chưa đính kèm thuyết minh giải trình tình hình thu chi ngân sách đã được HĐND thông qua. Thứ ba, việc công khai tình hình thực hiện dự toán định kỳ bị gộp chung theo quý thay vì đúng các mốc thời gian quy định 3, 6, 9 tháng và cả năm.
31/08/2026 17:17:00	Lê Ngọc Anh	Phó Chủ tịch UBND	Xã La Êê	Đánh giá việc tuân thủ công khai ngân sách xã: Đơn vị đã niêm yết biểu mẫu nhưng chưa đạt yêu cầu về nội dung và thời hạn. 1) Thiếu bản thuyết minh dự toán ngân sách cấp xã trình HĐND cấp xã; 2) Thiếu công khai thuyết minh quyết toán ngân sách xã đã phê chuẩn; 3) Mốc công khai thực hiện dự toán chưa bảo đảm định kỳ 03 tháng, 06 tháng, 09 tháng và cả năm theo biểu mẫu số 03.
31/08/2026 17:18:00	Phạm Ngọc Anh	Chủ tịch UBND	Xã Sông Vàng	Nội dung công khai ngân sách cấp xã còn 3 vướng mắc chính: (1) Số liệu dự toán trình HĐND xã chưa có thuyết minh chi tiết kèm theo; (2) Quyết toán ngân sách xã sau khi phê chuẩn thiếu nội dung thuyết minh thu chi; (3) Tình hình thực hiện dự toán ngân sách địa phương chưa đăng tải đúng mốc 3 tháng, 6 tháng và 9 tháng theo quy định.
31/08/2026 17:19:00	Vũ Ngọc Anh	Trưởng phòng Tài chính	Xã Sông Kôn	Theo quy định hiện hành về công khai ngân sách cấp xã, UBND xã cần khắc phục ngay các thiếu sót: Bổ sung thuyết minh dự toán ngân sách trình HĐND; Bổ sung thuyết minh quyết toán ngân sách xã được HĐND phê chuẩn; Đảm bảo niêm yết công khai tình hình thực hiện dự toán ngân sách cấp xã đủ 4 mốc: 3 tháng, 6 tháng, 9 tháng và cả năm (theo Mẫu 03).
31/08/2026 17:20:00	Hoàng Ngọc Anh	Phó Trưởng phòng Tài chính	Xã Đông Giang	Đơn vị Uỷ ban nhân dân xã A thực hiện công khai ngân sách cấp xã chưa đầy đủ theo quy định tại Thông tư 343/2016/TT-BTC. Cụ thể: 1. Chưa công khai số liệu và thuyết minh dự toán ngân sách cấp xã trình Hội đồng nhân dân cấp xã. 2. Thiếu công khai thuyết minh quyết toán ngân sách cấp xã đã được Hội đồng nhân dân phê chuẩn. 3. Tình hình thực hiện dự toán ngân sách mới chỉ công khai theo năm, thiếu báo cáo mốc 03 tháng, 06 tháng, 09 tháng theo Mẫu số 03/CKNS-SCX.
31/08/2026 17:21:00	Phan Ngọc Anh	Công chức Văn phòng - Thống kê	Xã Avương	Qua rà soát hồ sơ công khai tài chính của xã, phát hiện các điểm tồn tại sau: Thứ nhất, chưa thực hiện công khai thuyết minh dự toán ngân sách xã khi trình HĐND. Thứ hai, báo cáo quyết toán chưa đính kèm thuyết minh giải trình tình hình thu chi ngân sách đã được HĐND thông qua. Thứ ba, việc công khai tình hình thực hiện dự toán định kỳ bị gộp chung theo quý thay vì đúng các mốc thời gian quy định 3, 6, 9 tháng và cả năm.
31/08/2026 17:22:00	Bùi Ngọc Anh	Công chức Địa chính - Xây dựng	Xã Tây Giang	Đánh giá việc tuân thủ công khai ngân sách xã: Đơn vị đã niêm yết biểu mẫu nhưng chưa đạt yêu cầu về nội dung và thời hạn. 1) Thiếu bản thuyết minh dự toán ngân sách cấp xã trình HĐND cấp xã; 2) Thiếu công khai thuyết minh quyết toán ngân sách xã đã phê chuẩn; 3) Mốc công khai thực hiện dự toán chưa bảo đảm định kỳ 03 tháng, 06 tháng, 09 tháng và cả năm theo biểu mẫu số 03.
31/08/2026 17:23:00	Đặng Ngọc Anh	Phó Chủ tịch HĐND	Xã Hiệp Đức	Nội dung công khai ngân sách cấp xã còn 3 vướng mắc chính: (1) Số liệu dự toán trình HĐND xã chưa có thuyết minh chi tiết kèm theo; (2) Quyết toán ngân sách xã sau khi phê chuẩn thiếu nội dung thuyết minh thu chi; (3) Tình hình thực hiện dự toán ngân sách địa phương chưa đăng tải đúng mốc 3 tháng, 6 tháng và 9 tháng theo quy định.
31/08/2026 17:24:00	Đỗ Ngọc Anh	Công chức Tài chính - Kế toán	Xã Việt An	Theo quy định hiện hành về công khai ngân sách cấp xã, UBND xã cần khắc phục ngay các thiếu sót: Bổ sung thuyết minh dự toán ngân sách trình HĐND; Bổ sung thuyết minh quyết toán ngân sách xã được HĐND phê chuẩn; Đảm bảo niêm yết công khai tình hình thực hiện dự toán ngân sách cấp xã đủ 4 mốc: 3 tháng, 6 tháng, 9 tháng và cả năm (theo Mẫu 03).
31/08/2026 17:25:00	Hồ Ngọc Anh	Chuyên viên	Xã Phước Trà	Đơn vị Uỷ ban nhân dân xã A thực hiện công khai ngân sách cấp xã chưa đầy đủ theo quy định tại Thông tư 343/2016/TT-BTC. Cụ thể: 1. Chưa công khai số liệu và thuyết minh dự toán ngân sách cấp xã trình Hội đồng nhân dân cấp xã. 2. Thiếu công khai thuyết minh quyết toán ngân sách cấp xã đã được Hội đồng nhân dân phê chuẩn. 3. Tình hình thực hiện dự toán ngân sách mới chỉ công khai theo năm, thiếu báo cáo mốc 03 tháng, 06 tháng, 09 tháng theo Mẫu số 03/CKNS-SCX.
31/08/2026 17:26:00	Ngo Ngọc Anh	Kế toán trưởng	Xã Khâm Đức	Qua rà soát hồ sơ công khai tài chính của xã, phát hiện các điểm tồn tại sau: Thứ nhất, chưa thực hiện công khai thuyết minh dự toán ngân sách xã khi trình HĐND. Thứ hai, báo cáo quyết toán chưa đính kèm thuyết minh giải trình tình hình thu chi ngân sách đã được HĐND thông qua. Thứ ba, việc công khai tình hình thực hiện dự toán định kỳ bị gộp chung theo quý thay vì đúng các mốc thời gian quy định 3, 6, 9 tháng và cả năm.
31/08/2026 17:27:00	Dương Ngọc Anh	Phó Chủ tịch UBND	Xã Phước Năng	Đánh giá việc tuân thủ công khai ngân sách xã: Đơn vị đã niêm yết biểu mẫu nhưng chưa đạt yêu cầu về nội dung và thời hạn. 1) Thiếu bản thuyết minh dự toán ngân sách cấp xã trình HĐND cấp xã; 2) Thiếu công khai thuyết minh quyết toán ngân sách xã đã phê chuẩn; 3) Mốc công khai thực hiện dự toán chưa bảo đảm định kỳ 03 tháng, 06 tháng, 09 tháng và cả năm theo biểu mẫu số 03.
31/08/2026 17:28:00	Đinh Ngọc Anh	Chủ tịch UBND	Xã Phước Chánh	Nội dung công khai ngân sách cấp xã còn 3 vướng mắc chính: (1) Số liệu dự toán trình HĐND xã chưa có thuyết minh chi tiết kèm theo; (2) Quyết toán ngân sách xã sau khi phê chuẩn thiếu nội dung thuyết minh thu chi; (3) Tình hình thực hiện dự toán ngân sách địa phương chưa đăng tải đúng mốc 3 tháng, 6 tháng và 9 tháng theo quy định.
31/08/2026 17:29:00	Trương Ngọc Anh	Trưởng phòng Tài chính	Xã Phước Thành	Theo quy định hiện hành về công khai ngân sách cấp xã, UBND xã cần khắc phục ngay các thiếu sót: Bổ sung thuyết minh dự toán ngân sách trình HĐND; Bổ sung thuyết minh quyết toán ngân sách xã được HĐND phê chuẩn; Đảm bảo niêm yết công khai tình hình thực hiện dự toán ngân sách cấp xã đủ 4 mốc: 3 tháng, 6 tháng, 9 tháng và cả năm (theo Mẫu 03).
31/08/2026 17:30:00	Nguyễn Hồng Anh	Phó Trưởng phòng Tài chính	Xã Phước Hiệp	Đơn vị Uỷ ban nhân dân xã A thực hiện công khai ngân sách cấp xã chưa đầy đủ theo quy định tại Thông tư 343/2016/TT-BTC. Cụ thể: 1. Chưa công khai số liệu và thuyết minh dự toán ngân sách cấp xã trình Hội đồng nhân dân cấp xã. 2. Thiếu công khai thuyết minh quyết toán ngân sách cấp xã đã được Hội đồng nhân dân phê chuẩn. 3. Tình hình thực hiện dự toán ngân sách mới chỉ công khai theo năm, thiếu báo cáo mốc 03 tháng, 06 tháng, 09 tháng theo Mẫu số 03/CKNS-SCX.
31/08/2026 17:31:00	Trần Hồng Anh	Công chức Văn phòng - Thống kê	Xã Lãnh Ngọc	Qua rà soát hồ sơ công khai tài chính của xã, phát hiện các điểm tồn tại sau: Thứ nhất, chưa thực hiện công khai thuyết minh dự toán ngân sách xã khi trình HĐND. Thứ hai, báo cáo quyết toán chưa đính kèm thuyết minh giải trình tình hình thu chi ngân sách đã được HĐND thông qua. Thứ ba, việc công khai tình hình thực hiện dự toán định kỳ bị gộp chung theo quý thay vì đúng các mốc thời gian quy định 3, 6, 9 tháng và cả năm.
31/08/2026 17:32:00	Lê Hồng Anh	Công chức Địa chính - Xây dựng	Sở Tài chính	Đánh giá việc tuân thủ công khai ngân sách xã: Đơn vị đã niêm yết biểu mẫu nhưng chưa đạt yêu cầu về nội dung và thời hạn. 1) Thiếu bản thuyết minh dự toán ngân sách cấp xã trình HĐND cấp xã; 2) Thiếu công khai thuyết minh quyết toán ngân sách xã đã phê chuẩn; 3) Mốc công khai thực hiện dự toán chưa bảo đảm định kỳ 03 tháng, 06 tháng, 09 tháng và cả năm theo biểu mẫu số 03.
31/08/2026 17:33:00	Phạm Hồng Anh	Phó Chủ tịch HĐND	Phường Hải Châu	Nội dung công khai ngân sách cấp xã còn 3 vướng mắc chính: (1) Số liệu dự toán trình HĐND xã chưa có thuyết minh chi tiết kèm theo; (2) Quyết toán ngân sách xã sau khi phê chuẩn thiếu nội dung thuyết minh thu chi; (3) Tình hình thực hiện dự toán ngân sách địa phương chưa đăng tải đúng mốc 3 tháng, 6 tháng và 9 tháng theo quy định.
31/08/2026 17:34:00	Vũ Hồng Anh	Công chức Tài chính - Kế toán	Phường Hòa Cường	Theo quy định hiện hành về công khai ngân sách cấp xã, UBND xã cần khắc phục ngay các thiếu sót: Bổ sung thuyết minh dự toán ngân sách trình HĐND; Bổ sung thuyết minh quyết toán ngân sách xã được HĐND phê chuẩn; Đảm bảo niêm yết công khai tình hình thực hiện dự toán ngân sách cấp xã đủ 4 mốc: 3 tháng, 6 tháng, 9 tháng và cả năm (theo Mẫu 03).
31/08/2026 17:35:00	Hoàng Hồng Anh	Chuyên viên	Phường Thanh Khê	Đơn vị Uỷ ban nhân dân xã A thực hiện công khai ngân sách cấp xã chưa đầy đủ theo quy định tại Thông tư 343/2016/TT-BTC. Cụ thể: 1. Chưa công khai số liệu và thuyết minh dự toán ngân sách cấp xã trình Hội đồng nhân dân cấp xã. 2. Thiếu công khai thuyết minh quyết toán ngân sách cấp xã đã được Hội đồng nhân dân phê chuẩn. 3. Tình hình thực hiện dự toán ngân sách mới chỉ công khai theo năm, thiếu báo cáo mốc 03 tháng, 06 tháng, 09 tháng theo Mẫu số 03/CKNS-SCX.
31/08/2026 17:36:00	Phan Hồng Anh	Kế toán trưởng	Phường An Khê	Qua rà soát hồ sơ công khai tài chính của xã, phát hiện các điểm tồn tại sau: Thứ nhất, chưa thực hiện công khai thuyết minh dự toán ngân sách xã khi trình HĐND. Thứ hai, báo cáo quyết toán chưa đính kèm thuyết minh giải trình tình hình thu chi ngân sách đã được HĐND thông qua. Thứ ba, việc công khai tình hình thực hiện dự toán định kỳ bị gộp chung theo quý thay vì đúng các mốc thời gian quy định 3, 6, 9 tháng và cả năm.
31/08/2026 17:37:00	Bùi Hồng Anh	Phó Chủ tịch UBND	Phường An Hải	Đánh giá việc tuân thủ công khai ngân sách xã: Đơn vị đã niêm yết biểu mẫu nhưng chưa đạt yêu cầu về nội dung và thời hạn. 1) Thiếu bản thuyết minh dự toán ngân sách cấp xã trình HĐND cấp xã; 2) Thiếu công khai thuyết minh quyết toán ngân sách xã đã phê chuẩn; 3) Mốc công khai thực hiện dự toán chưa bảo đảm định kỳ 03 tháng, 06 tháng, 09 tháng và cả năm theo biểu mẫu số 03.
31/08/2026 17:38:00	Đặng Hồng Anh	Chủ tịch UBND	Phường Sơn Trà	Nội dung công khai ngân sách cấp xã còn 3 vướng mắc chính: (1) Số liệu dự toán trình HĐND xã chưa có thuyết minh chi tiết kèm theo; (2) Quyết toán ngân sách xã sau khi phê chuẩn thiếu nội dung thuyết minh thu chi; (3) Tình hình thực hiện dự toán ngân sách địa phương chưa đăng tải đúng mốc 3 tháng, 6 tháng và 9 tháng theo quy định.
31/08/2026 17:39:00	Đỗ Hồng Anh	Trưởng phòng Tài chính	Phường Ngũ Hành Sơn	Theo quy định hiện hành về công khai ngân sách cấp xã, UBND xã cần khắc phục ngay các thiếu sót: Bổ sung thuyết minh dự toán ngân sách trình HĐND; Bổ sung thuyết minh quyết toán ngân sách xã được HĐND phê chuẩn; Đảm bảo niêm yết công khai tình hình thực hiện dự toán ngân sách cấp xã đủ 4 mốc: 3 tháng, 6 tháng, 9 tháng và cả năm (theo Mẫu 03).
31/08/2026 17:40:00	Hồ Hồng Anh	Phó Trưởng phòng Tài chính	Phường Hòa Khánh	Đơn vị Uỷ ban nhân dân xã A thực hiện công khai ngân sách cấp xã chưa đầy đủ theo quy định tại Thông tư 343/2016/TT-BTC. Cụ thể: 1. Chưa công khai số liệu và thuyết minh dự toán ngân sách cấp xã trình Hội đồng nhân dân cấp xã. 2. Thiếu công khai thuyết minh quyết toán ngân sách cấp xã đã được Hội đồng nhân dân phê chuẩn. 3. Tình hình thực hiện dự toán ngân sách mới chỉ công khai theo năm, thiếu báo cáo mốc 03 tháng, 06 tháng, 09 tháng theo Mẫu số 03/CKNS-SCX.
31/08/2026 17:41:00	Ngo Hồng Anh	Công chức Văn phòng - Thống kê	Phường Liên Chiểu	Qua rà soát hồ sơ công khai tài chính của xã, phát hiện các điểm tồn tại sau: Thứ nhất, chưa thực hiện công khai thuyết minh dự toán ngân sách xã khi trình HĐND. Thứ hai, báo cáo quyết toán chưa đính kèm thuyết minh giải trình tình hình thu chi ngân sách đã được HĐND thông qua. Thứ ba, việc công khai tình hình thực hiện dự toán định kỳ bị gộp chung theo quý thay vì đúng các mốc thời gian quy định 3, 6, 9 tháng và cả năm.
31/08/2026 17:42:00	Dương Hồng Anh	Công chức Địa chính - Xây dựng	Phường Hải Vân	Đánh giá việc tuân thủ công khai ngân sách xã: Đơn vị đã niêm yết biểu mẫu nhưng chưa đạt yêu cầu về nội dung và thời hạn. 1) Thiếu bản thuyết minh dự toán ngân sách cấp xã trình HĐND cấp xã; 2) Thiếu công khai thuyết minh quyết toán ngân sách xã đã phê chuẩn; 3) Mốc công khai thực hiện dự toán chưa bảo đảm định kỳ 03 tháng, 06 tháng, 09 tháng và cả năm theo biểu mẫu số 03.
31/08/2026 17:43:00	Đinh Hồng Anh	Phó Chủ tịch HĐND	Phường Tam Kỳ	Nội dung công khai ngân sách cấp xã còn 3 vướng mắc chính: (1) Số liệu dự toán trình HĐND xã chưa có thuyết minh chi tiết kèm theo; (2) Quyết toán ngân sách xã sau khi phê chuẩn thiếu nội dung thuyết minh thu chi; (3) Tình hình thực hiện dự toán ngân sách địa phương chưa đăng tải đúng mốc 3 tháng, 6 tháng và 9 tháng theo quy định.
31/08/2026 17:44:00	Trương Hồng Anh	Công chức Tài chính - Kế toán	Phường Quảng Phú	Theo quy định hiện hành về công khai ngân sách cấp xã, UBND xã cần khắc phục ngay các thiếu sót: Bổ sung thuyết minh dự toán ngân sách trình HĐND; Bổ sung thuyết minh quyết toán ngân sách xã được HĐND phê chuẩn; Đảm bảo niêm yết công khai tình hình thực hiện dự toán ngân sách cấp xã đủ 4 mốc: 3 tháng, 6 tháng, 9 tháng và cả năm (theo Mẫu 03).
31/08/2026 17:45:00	Nguyễn Anh Anh	Chuyên viên	Phường Hương Trà	Đơn vị Uỷ ban nhân dân xã A thực hiện công khai ngân sách cấp xã chưa đầy đủ theo quy định tại Thông tư 343/2016/TT-BTC. Cụ thể: 1. Chưa công khai số liệu và thuyết minh dự toán ngân sách cấp xã trình Hội đồng nhân dân cấp xã. 2. Thiếu công khai thuyết minh quyết toán ngân sách cấp xã đã được Hội đồng nhân dân phê chuẩn. 3. Tình hình thực hiện dự toán ngân sách mới chỉ công khai theo năm, thiếu báo cáo mốc 03 tháng, 06 tháng, 09 tháng theo Mẫu số 03/CKNS-SCX.
31/08/2026 17:46:00	Trần Anh Anh	Kế toán trưởng	Phường Bàn Thạch	Qua rà soát hồ sơ công khai tài chính của xã, phát hiện các điểm tồn tại sau: Thứ nhất, chưa thực hiện công khai thuyết minh dự toán ngân sách xã khi trình HĐND. Thứ hai, báo cáo quyết toán chưa đính kèm thuyết minh giải trình tình hình thu chi ngân sách đã được HĐND thông qua. Thứ ba, việc công khai tình hình thực hiện dự toán định kỳ bị gộp chung theo quý thay vì đúng các mốc thời gian quy định 3, 6, 9 tháng và cả năm.
31/08/2026 17:47:00	Lê Anh Anh	Phó Chủ tịch UBND	Phường Điện Bàn	Đánh giá việc tuân thủ công khai ngân sách xã: Đơn vị đã niêm yết biểu mẫu nhưng chưa đạt yêu cầu về nội dung và thời hạn. 1) Thiếu bản thuyết minh dự toán ngân sách cấp xã trình HĐND cấp xã; 2) Thiếu công khai thuyết minh quyết toán ngân sách xã đã phê chuẩn; 3) Mốc công khai thực hiện dự toán chưa bảo đảm định kỳ 03 tháng, 06 tháng, 09 tháng và cả năm theo biểu mẫu số 03.
31/08/2026 17:48:00	Phạm Anh Anh	Chủ tịch UBND	Phường Điện Bàn Đông	Nội dung công khai ngân sách cấp xã còn 3 vướng mắc chính: (1) Số liệu dự toán trình HĐND xã chưa có thuyết minh chi tiết kèm theo; (2) Quyết toán ngân sách xã sau khi phê chuẩn thiếu nội dung thuyết minh thu chi; (3) Tình hình thực hiện dự toán ngân sách địa phương chưa đăng tải đúng mốc 3 tháng, 6 tháng và 9 tháng theo quy định.
31/08/2026 17:49:00	Vũ Anh Anh	Trưởng phòng Tài chính	Phường An Thắng	Theo quy định hiện hành về công khai ngân sách cấp xã, UBND xã cần khắc phục ngay các thiếu sót: Bổ sung thuyết minh dự toán ngân sách trình HĐND; Bổ sung thuyết minh quyết toán ngân sách xã được HĐND phê chuẩn; Đảm bảo niêm yết công khai tình hình thực hiện dự toán ngân sách cấp xã đủ 4 mốc: 3 tháng, 6 tháng, 9 tháng và cả năm (theo Mẫu 03).
31/08/2026 17:50:00	Hoàng Anh Anh	Phó Trưởng phòng Tài chính	Phường Điện Bàn Bắc	Đơn vị Uỷ ban nhân dân xã A thực hiện công khai ngân sách cấp xã chưa đầy đủ theo quy định tại Thông tư 343/2016/TT-BTC. Cụ thể: 1. Chưa công khai số liệu và thuyết minh dự toán ngân sách cấp xã trình Hội đồng nhân dân cấp xã. 2. Thiếu công khai thuyết minh quyết toán ngân sách cấp xã đã được Hội đồng nhân dân phê chuẩn. 3. Tình hình thực hiện dự toán ngân sách mới chỉ công khai theo năm, thiếu báo cáo mốc 03 tháng, 06 tháng, 09 tháng theo Mẫu số 03/CKNS-SCX.
31/08/2026 17:51:00	Phan Anh Anh	Công chức Văn phòng - Thống kê	Phường Hội An	Qua rà soát hồ sơ công khai tài chính của xã, phát hiện các điểm tồn tại sau: Thứ nhất, chưa thực hiện công khai thuyết minh dự toán ngân sách xã khi trình HĐND. Thứ hai, báo cáo quyết toán chưa đính kèm thuyết minh giải trình tình hình thu chi ngân sách đã được HĐND thông qua. Thứ ba, việc công khai tình hình thực hiện dự toán định kỳ bị gộp chung theo quý thay vì đúng các mốc thời gian quy định 3, 6, 9 tháng và cả năm.
31/08/2026 17:52:00	Bùi Anh Anh	Công chức Địa chính - Xây dựng	Phường Hội An Đông	Đánh giá việc tuân thủ công khai ngân sách xã: Đơn vị đã niêm yết biểu mẫu nhưng chưa đạt yêu cầu về nội dung và thời hạn. 1) Thiếu bản thuyết minh dự toán ngân sách cấp xã trình HĐND cấp xã; 2) Thiếu công khai thuyết minh quyết toán ngân sách xã đã phê chuẩn; 3) Mốc công khai thực hiện dự toán chưa bảo đảm định kỳ 03 tháng, 06 tháng, 09 tháng và cả năm theo biểu mẫu số 03.
31/08/2026 17:53:00	Đặng Anh Anh	Phó Chủ tịch HĐND	Phường Hội An Tây	Nội dung công khai ngân sách cấp xã còn 3 vướng mắc chính: (1) Số liệu dự toán trình HĐND xã chưa có thuyết minh chi tiết kèm theo; (2) Quyết toán ngân sách xã sau khi phê chuẩn thiếu nội dung thuyết minh thu chi; (3) Tình hình thực hiện dự toán ngân sách địa phương chưa đăng tải đúng mốc 3 tháng, 6 tháng và 9 tháng theo quy định.
31/08/2026 17:54:00	Đỗ Anh Anh	Công chức Tài chính - Kế toán	Xã Hòa Vang	Theo quy định hiện hành về công khai ngân sách cấp xã, UBND xã cần khắc phục ngay các thiếu sót: Bổ sung thuyết minh dự toán ngân sách trình HĐND; Bổ sung thuyết minh quyết toán ngân sách xã được HĐND phê chuẩn; Đảm bảo niêm yết công khai tình hình thực hiện dự toán ngân sách cấp xã đủ 4 mốc: 3 tháng, 6 tháng, 9 tháng và cả năm (theo Mẫu 03).
31/08/2026 17:55:00	Hồ Anh Anh	Chuyên viên	Xã Hòa Tiến	Đơn vị Uỷ ban nhân dân xã A thực hiện công khai ngân sách cấp xã chưa đầy đủ theo quy định tại Thông tư 343/2016/TT-BTC. Cụ thể: 1. Chưa công khai số liệu và thuyết minh dự toán ngân sách cấp xã trình Hội đồng nhân dân cấp xã. 2. Thiếu công khai thuyết minh quyết toán ngân sách cấp xã đã được Hội đồng nhân dân phê chuẩn. 3. Tình hình thực hiện dự toán ngân sách mới chỉ công khai theo năm, thiếu báo cáo mốc 03 tháng, 06 tháng, 09 tháng theo Mẫu số 03/CKNS-SCX.
31/08/2026 17:56:00	Ngo Anh Anh	Kế toán trưởng	Xã Bà Nà	Qua rà soát hồ sơ công khai tài chính của xã, phát hiện các điểm tồn tại sau: Thứ nhất, chưa thực hiện công khai thuyết minh dự toán ngân sách xã khi trình HĐND. Thứ hai, báo cáo quyết toán chưa đính kèm thuyết minh giải trình tình hình thu chi ngân sách đã được HĐND thông qua. Thứ ba, việc công khai tình hình thực hiện dự toán định kỳ bị gộp chung theo quý thay vì đúng các mốc thời gian quy định 3, 6, 9 tháng và cả năm.
31/08/2026 17:57:00	Dương Anh Anh	Phó Chủ tịch UBND	Xã Tam Anh	Đánh giá việc tuân thủ công khai ngân sách xã: Đơn vị đã niêm yết biểu mẫu nhưng chưa đạt yêu cầu về nội dung và thời hạn. 1) Thiếu bản thuyết minh dự toán ngân sách cấp xã trình HĐND cấp xã; 2) Thiếu công khai thuyết minh quyết toán ngân sách xã đã phê chuẩn; 3) Mốc công khai thực hiện dự toán chưa bảo đảm định kỳ 03 tháng, 06 tháng, 09 tháng và cả năm theo biểu mẫu số 03.
31/08/2026 17:58:00	Đinh Anh Anh	Chủ tịch UBND	Xã Tam Xuân	Nội dung công khai ngân sách cấp xã còn 3 vướng mắc chính: (1) Số liệu dự toán trình HĐND xã chưa có thuyết minh chi tiết kèm theo; (2) Quyết toán ngân sách xã sau khi phê chuẩn thiếu nội dung thuyết minh thu chi; (3) Tình hình thực hiện dự toán ngân sách địa phương chưa đăng tải đúng mốc 3 tháng, 6 tháng và 9 tháng theo quy định.
31/08/2026 17:59:00	Trương Anh Anh	Trưởng phòng Tài chính	Xã Tây Hồ	Theo quy định hiện hành về công khai ngân sách cấp xã, UBND xã cần khắc phục ngay các thiếu sót: Bổ sung thuyết minh dự toán ngân sách trình HĐND; Bổ sung thuyết minh quyết toán ngân sách xã được HĐND phê chuẩn; Đảm bảo niêm yết công khai tình hình thực hiện dự toán ngân sách cấp xã đủ 4 mốc: 3 tháng, 6 tháng, 9 tháng và cả năm (theo Mẫu 03).
31/08/2026 18:00:00	Nguyễn Quang Anh	Phó Trưởng phòng Tài chính	Xã Chiên Đàn	Đơn vị Uỷ ban nhân dân xã A thực hiện công khai ngân sách cấp xã chưa đầy đủ theo quy định tại Thông tư 343/2016/TT-BTC. Cụ thể: 1. Chưa công khai số liệu và thuyết minh dự toán ngân sách cấp xã trình Hội đồng nhân dân cấp xã. 2. Thiếu công khai thuyết minh quyết toán ngân sách cấp xã đã được Hội đồng nhân dân phê chuẩn. 3. Tình hình thực hiện dự toán ngân sách mới chỉ công khai theo năm, thiếu báo cáo mốc 03 tháng, 06 tháng, 09 tháng theo Mẫu số 03/CKNS-SCX.
31/08/2026 18:01:00	Trần Quang Anh	Công chức Văn phòng - Thống kê	Xã Tiên Phước	Qua rà soát hồ sơ công khai tài chính của xã, phát hiện các điểm tồn tại sau: Thứ nhất, chưa thực hiện công khai thuyết minh dự toán ngân sách xã khi trình HĐND. Thứ hai, báo cáo quyết toán chưa đính kèm thuyết minh giải trình tình hình thu chi ngân sách đã được HĐND thông qua. Thứ ba, việc công khai tình hình thực hiện dự toán định kỳ bị gộp chung theo quý thay vì đúng các mốc thời gian quy định 3, 6, 9 tháng và cả năm.
31/08/2026 18:02:00	Lê Quang Anh	Công chức Địa chính - Xây dựng	Xã Thạnh Bình	Đánh giá việc tuân thủ công khai ngân sách xã: Đơn vị đã niêm yết biểu mẫu nhưng chưa đạt yêu cầu về nội dung và thời hạn. 1) Thiếu bản thuyết minh dự toán ngân sách cấp xã trình HĐND cấp xã; 2) Thiếu công khai thuyết minh quyết toán ngân sách xã đã phê chuẩn; 3) Mốc công khai thực hiện dự toán chưa bảo đảm định kỳ 03 tháng, 06 tháng, 09 tháng và cả năm theo biểu mẫu số 03.
31/08/2026 18:03:00	Phạm Quang Anh	Phó Chủ tịch HĐND	Xã Sơn Cẩm Hà	Nội dung công khai ngân sách cấp xã còn 3 vướng mắc chính: (1) Số liệu dự toán trình HĐND xã chưa có thuyết minh chi tiết kèm theo; (2) Quyết toán ngân sách xã sau khi phê chuẩn thiếu nội dung thuyết minh thu chi; (3) Tình hình thực hiện dự toán ngân sách địa phương chưa đăng tải đúng mốc 3 tháng, 6 tháng và 9 tháng theo quy định.
31/08/2026 18:04:00	Vũ Quang Anh	Công chức Tài chính - Kế toán	Xã Trà Liên	Theo quy định hiện hành về công khai ngân sách cấp xã, UBND xã cần khắc phục ngay các thiếu sót: Bổ sung thuyết minh dự toán ngân sách trình HĐND; Bổ sung thuyết minh quyết toán ngân sách xã được HĐND phê chuẩn; Đảm bảo niêm yết công khai tình hình thực hiện dự toán ngân sách cấp xã đủ 4 mốc: 3 tháng, 6 tháng, 9 tháng và cả năm (theo Mẫu 03).
31/08/2026 18:05:00	Hoàng Quang Anh	Chuyên viên	Xã Trà Giáp	Đơn vị Uỷ ban nhân dân xã A thực hiện công khai ngân sách cấp xã chưa đầy đủ theo quy định tại Thông tư 343/2016/TT-BTC. Cụ thể: 1. Chưa công khai số liệu và thuyết minh dự toán ngân sách cấp xã trình Hội đồng nhân dân cấp xã. 2. Thiếu công khai thuyết minh quyết toán ngân sách cấp xã đã được Hội đồng nhân dân phê chuẩn. 3. Tình hình thực hiện dự toán ngân sách mới chỉ công khai theo năm, thiếu báo cáo mốc 03 tháng, 06 tháng, 09 tháng theo Mẫu số 03/CKNS-SCX.
31/08/2026 18:06:00	Phan Quang Anh	Kế toán trưởng	Xã Trà Tân	Qua rà soát hồ sơ công khai tài chính của xã, phát hiện các điểm tồn tại sau: Thứ nhất, chưa thực hiện công khai thuyết minh dự toán ngân sách xã khi trình HĐND. Thứ hai, báo cáo quyết toán chưa đính kèm thuyết minh giải trình tình hình thu chi ngân sách đã được HĐND thông qua. Thứ ba, việc công khai tình hình thực hiện dự toán định kỳ bị gộp chung theo quý thay vì đúng các mốc thời gian quy định 3, 6, 9 tháng và cả năm.
31/08/2026 18:07:00	Bùi Quang Anh	Phó Chủ tịch UBND	Xã Trà My	Đánh giá việc tuân thủ công khai ngân sách xã: Đơn vị đã niêm yết biểu mẫu nhưng chưa đạt yêu cầu về nội dung và thời hạn. 1) Thiếu bản thuyết minh dự toán ngân sách cấp xã trình HĐND cấp xã; 2) Thiếu công khai thuyết minh quyết toán ngân sách xã đã phê chuẩn; 3) Mốc công khai thực hiện dự toán chưa bảo đảm định kỳ 03 tháng, 06 tháng, 09 tháng và cả năm theo biểu mẫu số 03.
31/08/2026 18:08:00	Đặng Quang Anh	Chủ tịch UBND	Xã Nam Trà My	Nội dung công khai ngân sách cấp xã còn 3 vướng mắc chính: (1) Số liệu dự toán trình HĐND xã chưa có thuyết minh chi tiết kèm theo; (2) Quyết toán ngân sách xã sau khi phê chuẩn thiếu nội dung thuyết minh thu chi; (3) Tình hình thực hiện dự toán ngân sách địa phương chưa đăng tải đúng mốc 3 tháng, 6 tháng và 9 tháng theo quy định.
31/08/2026 18:09:00	Đỗ Quang Anh	Trưởng phòng Tài chính	Xã Trà Tập	Theo quy định hiện hành về công khai ngân sách cấp xã, UBND xã cần khắc phục ngay các thiếu sót: Bổ sung thuyết minh dự toán ngân sách trình HĐND; Bổ sung thuyết minh quyết toán ngân sách xã được HĐND phê chuẩn; Đảm bảo niêm yết công khai tình hình thực hiện dự toán ngân sách cấp xã đủ 4 mốc: 3 tháng, 6 tháng, 9 tháng và cả năm (theo Mẫu 03).
31/08/2026 18:10:00	Hồ Quang Anh	Phó Trưởng phòng Tài chính	Xã Trà Vân	Đơn vị Uỷ ban nhân dân xã A thực hiện công khai ngân sách cấp xã chưa đầy đủ theo quy định tại Thông tư 343/2016/TT-BTC. Cụ thể: 1. Chưa công khai số liệu và thuyết minh dự toán ngân sách cấp xã trình Hội đồng nhân dân cấp xã. 2. Thiếu công khai thuyết minh quyết toán ngân sách cấp xã đã được Hội đồng nhân dân phê chuẩn. 3. Tình hình thực hiện dự toán ngân sách mới chỉ công khai theo năm, thiếu báo cáo mốc 03 tháng, 06 tháng, 09 tháng theo Mẫu số 03/CKNS-SCX.
31/08/2026 18:11:00	Ngo Quang Anh	Công chức Văn phòng - Thống kê	Xã Trà Leng	Qua rà soát hồ sơ công khai tài chính của xã, phát hiện các điểm tồn tại sau: Thứ nhất, chưa thực hiện công khai thuyết minh dự toán ngân sách xã khi trình HĐND. Thứ hai, báo cáo quyết toán chưa đính kèm thuyết minh giải trình tình hình thu chi ngân sách đã được HĐND thông qua. Thứ ba, việc công khai tình hình thực hiện dự toán định kỳ bị gộp chung theo quý thay vì đúng các mốc thời gian quy định 3, 6, 9 tháng và cả năm.
31/08/2026 18:12:00	Dương Quang Anh	Công chức Địa chính - Xây dựng	Xã Thăng Bình	Đánh giá việc tuân thủ công khai ngân sách xã: Đơn vị đã niêm yết biểu mẫu nhưng chưa đạt yêu cầu về nội dung và thời hạn. 1) Thiếu bản thuyết minh dự toán ngân sách cấp xã trình HĐND cấp xã; 2) Thiếu công khai thuyết minh quyết toán ngân sách xã đã phê chuẩn; 3) Mốc công khai thực hiện dự toán chưa bảo đảm định kỳ 03 tháng, 06 tháng, 09 tháng và cả năm theo biểu mẫu số 03.
31/08/2026 18:13:00	Đinh Quang Anh	Phó Chủ tịch HĐND	Xã Thăng An	Nội dung công khai ngân sách cấp xã còn 3 vướng mắc chính: (1) Số liệu dự toán trình HĐND xã chưa có thuyết minh chi tiết kèm theo; (2) Quyết toán ngân sách xã sau khi phê chuẩn thiếu nội dung thuyết minh thu chi; (3) Tình hình thực hiện dự toán ngân sách địa phương chưa đăng tải đúng mốc 3 tháng, 6 tháng và 9 tháng theo quy định.
31/08/2026 18:14:00	Trương Quang Anh	Công chức Tài chính - Kế toán	Xã Thăng Trường	Theo quy định hiện hành về công khai ngân sách cấp xã, UBND xã cần khắc phục ngay các thiếu sót: Bổ sung thuyết minh dự toán ngân sách trình HĐND; Bổ sung thuyết minh quyết toán ngân sách xã được HĐND phê chuẩn; Đảm bảo niêm yết công khai tình hình thực hiện dự toán ngân sách cấp xã đủ 4 mốc: 3 tháng, 6 tháng, 9 tháng và cả năm (theo Mẫu 03).
31/08/2026 18:15:00	Nguyễn Đình Anh	Chuyên viên	Xã Thăng Phú	Đơn vị Uỷ ban nhân dân xã A thực hiện công khai ngân sách cấp xã chưa đầy đủ theo quy định tại Thông tư 343/2016/TT-BTC. Cụ thể: 1. Chưa công khai số liệu và thuyết minh dự toán ngân sách cấp xã trình Hội đồng nhân dân cấp xã. 2. Thiếu công khai thuyết minh quyết toán ngân sách cấp xã đã được Hội đồng nhân dân phê chuẩn. 3. Tình hình thực hiện dự toán ngân sách mới chỉ công khai theo năm, thiếu báo cáo mốc 03 tháng, 06 tháng, 09 tháng theo Mẫu số 03/CKNS-SCX.
31/08/2026 18:16:00	Trần Đình Anh	Kế toán trưởng	Xã Đồng Dương	Qua rà soát hồ sơ công khai tài chính của xã, phát hiện các điểm tồn tại sau: Thứ nhất, chưa thực hiện công khai thuyết minh dự toán ngân sách xã khi trình HĐND. Thứ hai, báo cáo quyết toán chưa đính kèm thuyết minh giải trình tình hình thu chi ngân sách đã được HĐND thông qua. Thứ ba, việc công khai tình hình thực hiện dự toán định kỳ bị gộp chung theo quý thay vì đúng các mốc thời gian quy định 3, 6, 9 tháng và cả năm.
31/08/2026 18:17:00	Lê Đình Anh	Phó Chủ tịch UBND	Xã Quế Sơn Trung	Đánh giá việc tuân thủ công khai ngân sách xã: Đơn vị đã niêm yết biểu mẫu nhưng chưa đạt yêu cầu về nội dung và thời hạn. 1) Thiếu bản thuyết minh dự toán ngân sách cấp xã trình HĐND cấp xã; 2) Thiếu công khai thuyết minh quyết toán ngân sách xã đã phê chuẩn; 3) Mốc công khai thực hiện dự toán chưa bảo đảm định kỳ 03 tháng, 06 tháng, 09 tháng và cả năm theo biểu mẫu số 03.
31/08/2026 18:18:00	Phạm Đình Anh	Chủ tịch UBND	Xã Xuân Phú	Nội dung công khai ngân sách cấp xã còn 3 vướng mắc chính: (1) Số liệu dự toán trình HĐND xã chưa có thuyết minh chi tiết kèm theo; (2) Quyết toán ngân sách xã sau khi phê chuẩn thiếu nội dung thuyết minh thu chi; (3) Tình hình thực hiện dự toán ngân sách địa phương chưa đăng tải đúng mốc 3 tháng, 6 tháng và 9 tháng theo quy định.
31/08/2026 18:19:00	Vũ Đình Anh	Trưởng phòng Tài chính	Xã Nông Sơn	Theo quy định hiện hành về công khai ngân sách cấp xã, UBND xã cần khắc phục ngay các thiếu sót: Bổ sung thuyết minh dự toán ngân sách trình HĐND; Bổ sung thuyết minh quyết toán ngân sách xã được HĐND phê chuẩn; Đảm bảo niêm yết công khai tình hình thực hiện dự toán ngân sách cấp xã đủ 4 mốc: 3 tháng, 6 tháng, 9 tháng và cả năm (theo Mẫu 03).
31/08/2026 18:20:00	Hoàng Đình Anh	Phó Trưởng phòng Tài chính	Xã Quế Phước	Đơn vị Uỷ ban nhân dân xã A thực hiện công khai ngân sách cấp xã chưa đầy đủ theo quy định tại Thông tư 343/2016/TT-BTC. Cụ thể: 1. Chưa công khai số liệu và thuyết minh dự toán ngân sách cấp xã trình Hội đồng nhân dân cấp xã. 2. Thiếu công khai thuyết minh quyết toán ngân sách cấp xã đã được Hội đồng nhân dân phê chuẩn. 3. Tình hình thực hiện dự toán ngân sách mới chỉ công khai theo năm, thiếu báo cáo mốc 03 tháng, 06 tháng, 09 tháng theo Mẫu số 03/CKNS-SCX.
31/08/2026 18:21:00	Phan Đình Anh	Công chức Văn phòng - Thống kê	Xã Duy Nghĩa	Qua rà soát hồ sơ công khai tài chính của xã, phát hiện các điểm tồn tại sau: Thứ nhất, chưa thực hiện công khai thuyết minh dự toán ngân sách xã khi trình HĐND. Thứ hai, báo cáo quyết toán chưa đính kèm thuyết minh giải trình tình hình thu chi ngân sách đã được HĐND thông qua. Thứ ba, việc công khai tình hình thực hiện dự toán định kỳ bị gộp chung theo quý thay vì đúng các mốc thời gian quy định 3, 6, 9 tháng và cả năm.
31/08/2026 18:22:00	Bùi Đình Anh	Công chức Địa chính - Xây dựng	Xã Nam Phước	Đánh giá việc tuân thủ công khai ngân sách xã: Đơn vị đã niêm yết biểu mẫu nhưng chưa đạt yêu cầu về nội dung và thời hạn. 1) Thiếu bản thuyết minh dự toán ngân sách cấp xã trình HĐND cấp xã; 2) Thiếu công khai thuyết minh quyết toán ngân sách xã đã phê chuẩn; 3) Mốc công khai thực hiện dự toán chưa bảo đảm định kỳ 03 tháng, 06 tháng, 09 tháng và cả năm theo biểu mẫu số 03.
31/08/2026 18:23:00	Đặng Đình Anh	Phó Chủ tịch HĐND	Xã Duy Xuyên	Nội dung công khai ngân sách cấp xã còn 3 vướng mắc chính: (1) Số liệu dự toán trình HĐND xã chưa có thuyết minh chi tiết kèm theo; (2) Quyết toán ngân sách xã sau khi phê chuẩn thiếu nội dung thuyết minh thu chi; (3) Tình hình thực hiện dự toán ngân sách địa phương chưa đăng tải đúng mốc 3 tháng, 6 tháng và 9 tháng theo quy định.
31/08/2026 18:24:00	Đỗ Đình Anh	Công chức Tài chính - Kế toán	Xã Thu Bồn	Theo quy định hiện hành về công khai ngân sách cấp xã, UBND xã cần khắc phục ngay các thiếu sót: Bổ sung thuyết minh dự toán ngân sách trình HĐND; Bổ sung thuyết minh quyết toán ngân sách xã được HĐND phê chuẩn; Đảm bảo niêm yết công khai tình hình thực hiện dự toán ngân sách cấp xã đủ 4 mốc: 3 tháng, 6 tháng, 9 tháng và cả năm (theo Mẫu 03).
31/08/2026 18:25:00	Hồ Đình Anh	Chuyên viên	Xã Điện Bàn Tây	Đơn vị Uỷ ban nhân dân xã A thực hiện công khai ngân sách cấp xã chưa đầy đủ theo quy định tại Thông tư 343/2016/TT-BTC. Cụ thể: 1. Chưa công khai số liệu và thuyết minh dự toán ngân sách cấp xã trình Hội đồng nhân dân cấp xã. 2. Thiếu công khai thuyết minh quyết toán ngân sách cấp xã đã được Hội đồng nhân dân phê chuẩn. 3. Tình hình thực hiện dự toán ngân sách mới chỉ công khai theo năm, thiếu báo cáo mốc 03 tháng, 06 tháng, 09 tháng theo Mẫu số 03/CKNS-SCX.
31/08/2026 18:26:00	Ngo Đình Anh	Kế toán trưởng	Xã Gò Nổi	Qua rà soát hồ sơ công khai tài chính của xã, phát hiện các điểm tồn tại sau: Thứ nhất, chưa thực hiện công khai thuyết minh dự toán ngân sách xã khi trình HĐND. Thứ hai, báo cáo quyết toán chưa đính kèm thuyết minh giải trình tình hình thu chi ngân sách đã được HĐND thông qua. Thứ ba, việc công khai tình hình thực hiện dự toán định kỳ bị gộp chung theo quý thay vì đúng các mốc thời gian quy định 3, 6, 9 tháng và cả năm.
31/08/2026 18:27:00	Dương Đình Anh	Phó Chủ tịch UBND	Xã Tân Hiệp	Đánh giá việc tuân thủ công khai ngân sách xã: Đơn vị đã niêm yết biểu mẫu nhưng chưa đạt yêu cầu về nội dung và thời hạn. 1) Thiếu bản thuyết minh dự toán ngân sách cấp xã trình HĐND cấp xã; 2) Thiếu công khai thuyết minh quyết toán ngân sách xã đã phê chuẩn; 3) Mốc công khai thực hiện dự toán chưa bảo đảm định kỳ 03 tháng, 06 tháng, 09 tháng và cả năm theo biểu mẫu số 03.
31/08/2026 18:28:00	Đinh Đình Anh	Chủ tịch UBND	Xã Đại Lộc	Nội dung công khai ngân sách cấp xã còn 3 vướng mắc chính: (1) Số liệu dự toán trình HĐND xã chưa có thuyết minh chi tiết kèm theo; (2) Quyết toán ngân sách xã sau khi phê chuẩn thiếu nội dung thuyết minh thu chi; (3) Tình hình thực hiện dự toán ngân sách địa phương chưa đăng tải đúng mốc 3 tháng, 6 tháng và 9 tháng theo quy định.
31/08/2026 18:29:00	Trương Đình Anh	Trưởng phòng Tài chính	Xã Hà Nha	Theo quy định hiện hành về công khai ngân sách cấp xã, UBND xã cần khắc phục ngay các thiếu sót: Bổ sung thuyết minh dự toán ngân sách trình HĐND; Bổ sung thuyết minh quyết toán ngân sách xã được HĐND phê chuẩn; Đảm bảo niêm yết công khai tình hình thực hiện dự toán ngân sách cấp xã đủ 4 mốc: 3 tháng, 6 tháng, 9 tháng và cả năm (theo Mẫu 03).
31/08/2026 18:30:00	Nguyễn Hữu Anh	Phó Trưởng phòng Tài chính	Xã Thượng Đức	Đơn vị Uỷ ban nhân dân xã A thực hiện công khai ngân sách cấp xã chưa đầy đủ theo quy định tại Thông tư 343/2016/TT-BTC. Cụ thể: 1. Chưa công khai số liệu và thuyết minh dự toán ngân sách cấp xã trình Hội đồng nhân dân cấp xã. 2. Thiếu công khai thuyết minh quyết toán ngân sách cấp xã đã được Hội đồng nhân dân phê chuẩn. 3. Tình hình thực hiện dự toán ngân sách mới chỉ công khai theo năm, thiếu báo cáo mốc 03 tháng, 06 tháng, 09 tháng theo Mẫu số 03/CKNS-SCX.
31/08/2026 18:31:00	Trần Hữu Anh	Công chức Văn phòng - Thống kê	Xã Vu Gia	Qua rà soát hồ sơ công khai tài chính của xã, phát hiện các điểm tồn tại sau: Thứ nhất, chưa thực hiện công khai thuyết minh dự toán ngân sách xã khi trình HĐND. Thứ hai, báo cáo quyết toán chưa đính kèm thuyết minh giải trình tình hình thu chi ngân sách đã được HĐND thông qua. Thứ ba, việc công khai tình hình thực hiện dự toán định kỳ bị gộp chung theo quý thay vì đúng các mốc thời gian quy định 3, 6, 9 tháng và cả năm.
31/08/2026 18:32:00	Lê Hữu Anh	Công chức Địa chính - Xây dựng	Xã Phú Thuận	Đánh giá việc tuân thủ công khai ngân sách xã: Đơn vị đã niêm yết biểu mẫu nhưng chưa đạt yêu cầu về nội dung và thời hạn. 1) Thiếu bản thuyết minh dự toán ngân sách cấp xã trình HĐND cấp xã; 2) Thiếu công khai thuyết minh quyết toán ngân sách xã đã phê chuẩn; 3) Mốc công khai thực hiện dự toán chưa bảo đảm định kỳ 03 tháng, 06 tháng, 09 tháng và cả năm theo biểu mẫu số 03.
31/08/2026 18:33:00	Phạm Hữu Anh	Phó Chủ tịch HĐND	Xã Thạnh Mỹ	Nội dung công khai ngân sách cấp xã còn 3 vướng mắc chính: (1) Số liệu dự toán trình HĐND xã chưa có thuyết minh chi tiết kèm theo; (2) Quyết toán ngân sách xã sau khi phê chuẩn thiếu nội dung thuyết minh thu chi; (3) Tình hình thực hiện dự toán ngân sách địa phương chưa đăng tải đúng mốc 3 tháng, 6 tháng và 9 tháng theo quy định.
31/08/2026 18:34:00	Vũ Hữu Anh	Công chức Tài chính - Kế toán	Xã Bến Giằng	Theo quy định hiện hành về công khai ngân sách cấp xã, UBND xã cần khắc phục ngay các thiếu sót: Bổ sung thuyết minh dự toán ngân sách trình HĐND; Bổ sung thuyết minh quyết toán ngân sách xã được HĐND phê chuẩn; Đảm bảo niêm yết công khai tình hình thực hiện dự toán ngân sách cấp xã đủ 4 mốc: 3 tháng, 6 tháng, 9 tháng và cả năm (theo Mẫu 03).
31/08/2026 18:35:00	Hoàng Hữu Anh	Chuyên viên	Xã Nam Giang	Đơn vị Uỷ ban nhân dân xã A thực hiện công khai ngân sách cấp xã chưa đầy đủ theo quy định tại Thông tư 343/2016/TT-BTC. Cụ thể: 1. Chưa công khai số liệu và thuyết minh dự toán ngân sách cấp xã trình Hội đồng nhân dân cấp xã. 2. Thiếu công khai thuyết minh quyết toán ngân sách cấp xã đã được Hội đồng nhân dân phê chuẩn. 3. Tình hình thực hiện dự toán ngân sách mới chỉ công khai theo năm, thiếu báo cáo mốc 03 tháng, 06 tháng, 09 tháng theo Mẫu số 03/CKNS-SCX.
31/08/2026 18:36:00	Phan Hữu Anh	Kế toán trưởng	Xã Đắc Pring	Qua rà soát hồ sơ công khai tài chính của xã, phát hiện các điểm tồn tại sau: Thứ nhất, chưa thực hiện công khai thuyết minh dự toán ngân sách xã khi trình HĐND. Thứ hai, báo cáo quyết toán chưa đính kèm thuyết minh giải trình tình hình thu chi ngân sách đã được HĐND thông qua. Thứ ba, việc công khai tình hình thực hiện dự toán định kỳ bị gộp chung theo quý thay vì đúng các mốc thời gian quy định 3, 6, 9 tháng và cả năm.
31/08/2026 18:37:00	Bùi Hữu Anh	Phó Chủ tịch UBND	Xã La Dêê	Đánh giá việc tuân thủ công khai ngân sách xã: Đơn vị đã niêm yết biểu mẫu nhưng chưa đạt yêu cầu về nội dung và thời hạn. 1) Thiếu bản thuyết minh dự toán ngân sách cấp xã trình HĐND cấp xã; 2) Thiếu công khai thuyết minh quyết toán ngân sách xã đã phê chuẩn; 3) Mốc công khai thực hiện dự toán chưa bảo đảm định kỳ 03 tháng, 06 tháng, 09 tháng và cả năm theo biểu mẫu số 03.
31/08/2026 18:38:00	Đặng Hữu Anh	Chủ tịch UBND	Xã La Êê	Nội dung công khai ngân sách cấp xã còn 3 vướng mắc chính: (1) Số liệu dự toán trình HĐND xã chưa có thuyết minh chi tiết kèm theo; (2) Quyết toán ngân sách xã sau khi phê chuẩn thiếu nội dung thuyết minh thu chi; (3) Tình hình thực hiện dự toán ngân sách địa phương chưa đăng tải đúng mốc 3 tháng, 6 tháng và 9 tháng theo quy định.
31/08/2026 18:39:00	Đỗ Hữu Anh	Trưởng phòng Tài chính	Xã Sông Vàng	Theo quy định hiện hành về công khai ngân sách cấp xã, UBND xã cần khắc phục ngay các thiếu sót: Bổ sung thuyết minh dự toán ngân sách trình HĐND; Bổ sung thuyết minh quyết toán ngân sách xã được HĐND phê chuẩn; Đảm bảo niêm yết công khai tình hình thực hiện dự toán ngân sách cấp xã đủ 4 mốc: 3 tháng, 6 tháng, 9 tháng và cả năm (theo Mẫu 03).
31/08/2026 18:40:00	Hồ Hữu Anh	Phó Trưởng phòng Tài chính	Xã Sông Kôn	Đơn vị Uỷ ban nhân dân xã A thực hiện công khai ngân sách cấp xã chưa đầy đủ theo quy định tại Thông tư 343/2016/TT-BTC. Cụ thể: 1. Chưa công khai số liệu và thuyết minh dự toán ngân sách cấp xã trình Hội đồng nhân dân cấp xã. 2. Thiếu công khai thuyết minh quyết toán ngân sách cấp xã đã được Hội đồng nhân dân phê chuẩn. 3. Tình hình thực hiện dự toán ngân sách mới chỉ công khai theo năm, thiếu báo cáo mốc 03 tháng, 06 tháng, 09 tháng theo Mẫu số 03/CKNS-SCX.
31/08/2026 18:41:00	Ngo Hữu Anh	Công chức Văn phòng - Thống kê	Xã Đông Giang	Qua rà soát hồ sơ công khai tài chính của xã, phát hiện các điểm tồn tại sau: Thứ nhất, chưa thực hiện công khai thuyết minh dự toán ngân sách xã khi trình HĐND. Thứ hai, báo cáo quyết toán chưa đính kèm thuyết minh giải trình tình hình thu chi ngân sách đã được HĐND thông qua. Thứ ba, việc công khai tình hình thực hiện dự toán định kỳ bị gộp chung theo quý thay vì đúng các mốc thời gian quy định 3, 6, 9 tháng và cả năm.
31/08/2026 18:42:00	Dương Hữu Anh	Công chức Địa chính - Xây dựng	Xã Avương	Đánh giá việc tuân thủ công khai ngân sách xã: Đơn vị đã niêm yết biểu mẫu nhưng chưa đạt yêu cầu về nội dung và thời hạn. 1) Thiếu bản thuyết minh dự toán ngân sách cấp xã trình HĐND cấp xã; 2) Thiếu công khai thuyết minh quyết toán ngân sách xã đã phê chuẩn; 3) Mốc công khai thực hiện dự toán chưa bảo đảm định kỳ 03 tháng, 06 tháng, 09 tháng và cả năm theo biểu mẫu số 03.
31/08/2026 18:43:00	Đinh Hữu Anh	Phó Chủ tịch HĐND	Xã Tây Giang	Nội dung công khai ngân sách cấp xã còn 3 vướng mắc chính: (1) Số liệu dự toán trình HĐND xã chưa có thuyết minh chi tiết kèm theo; (2) Quyết toán ngân sách xã sau khi phê chuẩn thiếu nội dung thuyết minh thu chi; (3) Tình hình thực hiện dự toán ngân sách địa phương chưa đăng tải đúng mốc 3 tháng, 6 tháng và 9 tháng theo quy định.
31/08/2026 18:44:00	Trương Hữu Anh	Công chức Tài chính - Kế toán	Xã Hiệp Đức	Theo quy định hiện hành về công khai ngân sách cấp xã, UBND xã cần khắc phục ngay các thiếu sót: Bổ sung thuyết minh dự toán ngân sách trình HĐND; Bổ sung thuyết minh quyết toán ngân sách xã được HĐND phê chuẩn; Đảm bảo niêm yết công khai tình hình thực hiện dự toán ngân sách cấp xã đủ 4 mốc: 3 tháng, 6 tháng, 9 tháng và cả năm (theo Mẫu 03).
31/08/2026 18:45:00	Nguyễn Văn Bảo	Chuyên viên	Xã Việt An	Đơn vị Uỷ ban nhân dân xã A thực hiện công khai ngân sách cấp xã chưa đầy đủ theo quy định tại Thông tư 343/2016/TT-BTC. Cụ thể: 1. Chưa công khai số liệu và thuyết minh dự toán ngân sách cấp xã trình Hội đồng nhân dân cấp xã. 2. Thiếu công khai thuyết minh quyết toán ngân sách cấp xã đã được Hội đồng nhân dân phê chuẩn. 3. Tình hình thực hiện dự toán ngân sách mới chỉ công khai theo năm, thiếu báo cáo mốc 03 tháng, 06 tháng, 09 tháng theo Mẫu số 03/CKNS-SCX.
31/08/2026 18:46:00	Trần Văn Bảo	Kế toán trưởng	Xã Phước Trà	Qua rà soát hồ sơ công khai tài chính của xã, phát hiện các điểm tồn tại sau: Thứ nhất, chưa thực hiện công khai thuyết minh dự toán ngân sách xã khi trình HĐND. Thứ hai, báo cáo quyết toán chưa đính kèm thuyết minh giải trình tình hình thu chi ngân sách đã được HĐND thông qua. Thứ ba, việc công khai tình hình thực hiện dự toán định kỳ bị gộp chung theo quý thay vì đúng các mốc thời gian quy định 3, 6, 9 tháng và cả năm.
31/08/2026 18:47:00	Lê Văn Bảo	Phó Chủ tịch UBND	Xã Khâm Đức	Đánh giá việc tuân thủ công khai ngân sách xã: Đơn vị đã niêm yết biểu mẫu nhưng chưa đạt yêu cầu về nội dung và thời hạn. 1) Thiếu bản thuyết minh dự toán ngân sách cấp xã trình HĐND cấp xã; 2) Thiếu công khai thuyết minh quyết toán ngân sách xã đã phê chuẩn; 3) Mốc công khai thực hiện dự toán chưa bảo đảm định kỳ 03 tháng, 06 tháng, 09 tháng và cả năm theo biểu mẫu số 03.
31/08/2026 18:48:00	Phạm Văn Bảo	Chủ tịch UBND	Xã Phước Năng	Nội dung công khai ngân sách cấp xã còn 3 vướng mắc chính: (1) Số liệu dự toán trình HĐND xã chưa có thuyết minh chi tiết kèm theo; (2) Quyết toán ngân sách xã sau khi phê chuẩn thiếu nội dung thuyết minh thu chi; (3) Tình hình thực hiện dự toán ngân sách địa phương chưa đăng tải đúng mốc 3 tháng, 6 tháng và 9 tháng theo quy định.
31/08/2026 18:49:00	Vũ Văn Bảo	Trưởng phòng Tài chính	Xã Phước Chánh	Theo quy định hiện hành về công khai ngân sách cấp xã, UBND xã cần khắc phục ngay các thiếu sót: Bổ sung thuyết minh dự toán ngân sách trình HĐND; Bổ sung thuyết minh quyết toán ngân sách xã được HĐND phê chuẩn; Đảm bảo niêm yết công khai tình hình thực hiện dự toán ngân sách cấp xã đủ 4 mốc: 3 tháng, 6 tháng, 9 tháng và cả năm (theo Mẫu 03).
31/08/2026 18:50:00	Hoàng Văn Bảo	Phó Trưởng phòng Tài chính	Xã Phước Thành	Đơn vị Uỷ ban nhân dân xã A thực hiện công khai ngân sách cấp xã chưa đầy đủ theo quy định tại Thông tư 343/2016/TT-BTC. Cụ thể: 1. Chưa công khai số liệu và thuyết minh dự toán ngân sách cấp xã trình Hội đồng nhân dân cấp xã. 2. Thiếu công khai thuyết minh quyết toán ngân sách cấp xã đã được Hội đồng nhân dân phê chuẩn. 3. Tình hình thực hiện dự toán ngân sách mới chỉ công khai theo năm, thiếu báo cáo mốc 03 tháng, 06 tháng, 09 tháng theo Mẫu số 03/CKNS-SCX.
31/08/2026 18:51:00	Phan Văn Bảo	Công chức Văn phòng - Thống kê	Xã Phước Hiệp	Qua rà soát hồ sơ công khai tài chính của xã, phát hiện các điểm tồn tại sau: Thứ nhất, chưa thực hiện công khai thuyết minh dự toán ngân sách xã khi trình HĐND. Thứ hai, báo cáo quyết toán chưa đính kèm thuyết minh giải trình tình hình thu chi ngân sách đã được HĐND thông qua. Thứ ba, việc công khai tình hình thực hiện dự toán định kỳ bị gộp chung theo quý thay vì đúng các mốc thời gian quy định 3, 6, 9 tháng và cả năm.
31/08/2026 18:52:00	Bùi Văn Bảo	Công chức Địa chính - Xây dựng	Xã Lãnh Ngọc	Đánh giá việc tuân thủ công khai ngân sách xã: Đơn vị đã niêm yết biểu mẫu nhưng chưa đạt yêu cầu về nội dung và thời hạn. 1) Thiếu bản thuyết minh dự toán ngân sách cấp xã trình HĐND cấp xã; 2) Thiếu công khai thuyết minh quyết toán ngân sách xã đã phê chuẩn; 3) Mốc công khai thực hiện dự toán chưa bảo đảm định kỳ 03 tháng, 06 tháng, 09 tháng và cả năm theo biểu mẫu số 03.
31/08/2026 18:53:00	Đặng Văn Bảo	Phó Chủ tịch HĐND	Sở Tài chính	Nội dung công khai ngân sách cấp xã còn 3 vướng mắc chính: (1) Số liệu dự toán trình HĐND xã chưa có thuyết minh chi tiết kèm theo; (2) Quyết toán ngân sách xã sau khi phê chuẩn thiếu nội dung thuyết minh thu chi; (3) Tình hình thực hiện dự toán ngân sách địa phương chưa đăng tải đúng mốc 3 tháng, 6 tháng và 9 tháng theo quy định.
31/08/2026 18:54:00	Đỗ Văn Bảo	Công chức Tài chính - Kế toán	Phường Hải Châu	Theo quy định hiện hành về công khai ngân sách cấp xã, UBND xã cần khắc phục ngay các thiếu sót: Bổ sung thuyết minh dự toán ngân sách trình HĐND; Bổ sung thuyết minh quyết toán ngân sách xã được HĐND phê chuẩn; Đảm bảo niêm yết công khai tình hình thực hiện dự toán ngân sách cấp xã đủ 4 mốc: 3 tháng, 6 tháng, 9 tháng và cả năm (theo Mẫu 03).
31/08/2026 18:55:00	Hồ Văn Bảo	Chuyên viên	Phường Hòa Cường	Đơn vị Uỷ ban nhân dân xã A thực hiện công khai ngân sách cấp xã chưa đầy đủ theo quy định tại Thông tư 343/2016/TT-BTC. Cụ thể: 1. Chưa công khai số liệu và thuyết minh dự toán ngân sách cấp xã trình Hội đồng nhân dân cấp xã. 2. Thiếu công khai thuyết minh quyết toán ngân sách cấp xã đã được Hội đồng nhân dân phê chuẩn. 3. Tình hình thực hiện dự toán ngân sách mới chỉ công khai theo năm, thiếu báo cáo mốc 03 tháng, 06 tháng, 09 tháng theo Mẫu số 03/CKNS-SCX.
31/08/2026 18:56:00	Ngo Văn Bảo	Kế toán trưởng	Phường Thanh Khê	Qua rà soát hồ sơ công khai tài chính của xã, phát hiện các điểm tồn tại sau: Thứ nhất, chưa thực hiện công khai thuyết minh dự toán ngân sách xã khi trình HĐND. Thứ hai, báo cáo quyết toán chưa đính kèm thuyết minh giải trình tình hình thu chi ngân sách đã được HĐND thông qua. Thứ ba, việc công khai tình hình thực hiện dự toán định kỳ bị gộp chung theo quý thay vì đúng các mốc thời gian quy định 3, 6, 9 tháng và cả năm.
31/08/2026 18:57:00	Dương Văn Bảo	Phó Chủ tịch UBND	Phường An Khê	Đánh giá việc tuân thủ công khai ngân sách xã: Đơn vị đã niêm yết biểu mẫu nhưng chưa đạt yêu cầu về nội dung và thời hạn. 1) Thiếu bản thuyết minh dự toán ngân sách cấp xã trình HĐND cấp xã; 2) Thiếu công khai thuyết minh quyết toán ngân sách xã đã phê chuẩn; 3) Mốc công khai thực hiện dự toán chưa bảo đảm định kỳ 03 tháng, 06 tháng, 09 tháng và cả năm theo biểu mẫu số 03.
31/08/2026 18:58:00	Đinh Văn Bảo	Chủ tịch UBND	Phường An Hải	Nội dung công khai ngân sách cấp xã còn 3 vướng mắc chính: (1) Số liệu dự toán trình HĐND xã chưa có thuyết minh chi tiết kèm theo; (2) Quyết toán ngân sách xã sau khi phê chuẩn thiếu nội dung thuyết minh thu chi; (3) Tình hình thực hiện dự toán ngân sách địa phương chưa đăng tải đúng mốc 3 tháng, 6 tháng và 9 tháng theo quy định.
31/08/2026 18:59:00	Trương Văn Bảo	Trưởng phòng Tài chính	Phường Sơn Trà	Theo quy định hiện hành về công khai ngân sách cấp xã, UBND xã cần khắc phục ngay các thiếu sót: Bổ sung thuyết minh dự toán ngân sách trình HĐND; Bổ sung thuyết minh quyết toán ngân sách xã được HĐND phê chuẩn; Đảm bảo niêm yết công khai tình hình thực hiện dự toán ngân sách cấp xã đủ 4 mốc: 3 tháng, 6 tháng, 9 tháng và cả năm (theo Mẫu 03).
31/08/2026 19:00:00	Nguyễn Thị Bảo	Phó Trưởng phòng Tài chính	Phường Ngũ Hành Sơn	Đơn vị Uỷ ban nhân dân xã A thực hiện công khai ngân sách cấp xã chưa đầy đủ theo quy định tại Thông tư 343/2016/TT-BTC. Cụ thể: 1. Chưa công khai số liệu và thuyết minh dự toán ngân sách cấp xã trình Hội đồng nhân dân cấp xã. 2. Thiếu công khai thuyết minh quyết toán ngân sách cấp xã đã được Hội đồng nhân dân phê chuẩn. 3. Tình hình thực hiện dự toán ngân sách mới chỉ công khai theo năm, thiếu báo cáo mốc 03 tháng, 06 tháng, 09 tháng theo Mẫu số 03/CKNS-SCX.
31/08/2026 19:01:00	Trần Thị Bảo	Công chức Văn phòng - Thống kê	Phường Hòa Khánh	Qua rà soát hồ sơ công khai tài chính của xã, phát hiện các điểm tồn tại sau: Thứ nhất, chưa thực hiện công khai thuyết minh dự toán ngân sách xã khi trình HĐND. Thứ hai, báo cáo quyết toán chưa đính kèm thuyết minh giải trình tình hình thu chi ngân sách đã được HĐND thông qua. Thứ ba, việc công khai tình hình thực hiện dự toán định kỳ bị gộp chung theo quý thay vì đúng các mốc thời gian quy định 3, 6, 9 tháng và cả năm.
31/08/2026 19:02:00	Lê Thị Bảo	Công chức Địa chính - Xây dựng	Phường Liên Chiểu	Đánh giá việc tuân thủ công khai ngân sách xã: Đơn vị đã niêm yết biểu mẫu nhưng chưa đạt yêu cầu về nội dung và thời hạn. 1) Thiếu bản thuyết minh dự toán ngân sách cấp xã trình HĐND cấp xã; 2) Thiếu công khai thuyết minh quyết toán ngân sách xã đã phê chuẩn; 3) Mốc công khai thực hiện dự toán chưa bảo đảm định kỳ 03 tháng, 06 tháng, 09 tháng và cả năm theo biểu mẫu số 03.
31/08/2026 19:03:00	Phạm Thị Bảo	Phó Chủ tịch HĐND	Phường Hải Vân	Nội dung công khai ngân sách cấp xã còn 3 vướng mắc chính: (1) Số liệu dự toán trình HĐND xã chưa có thuyết minh chi tiết kèm theo; (2) Quyết toán ngân sách xã sau khi phê chuẩn thiếu nội dung thuyết minh thu chi; (3) Tình hình thực hiện dự toán ngân sách địa phương chưa đăng tải đúng mốc 3 tháng, 6 tháng và 9 tháng theo quy định.
31/08/2026 19:04:00	Vũ Thị Bảo	Công chức Tài chính - Kế toán	Phường Tam Kỳ	Theo quy định hiện hành về công khai ngân sách cấp xã, UBND xã cần khắc phục ngay các thiếu sót: Bổ sung thuyết minh dự toán ngân sách trình HĐND; Bổ sung thuyết minh quyết toán ngân sách xã được HĐND phê chuẩn; Đảm bảo niêm yết công khai tình hình thực hiện dự toán ngân sách cấp xã đủ 4 mốc: 3 tháng, 6 tháng, 9 tháng và cả năm (theo Mẫu 03).
31/08/2026 19:05:00	Hoàng Thị Bảo	Chuyên viên	Phường Quảng Phú	Đơn vị Uỷ ban nhân dân xã A thực hiện công khai ngân sách cấp xã chưa đầy đủ theo quy định tại Thông tư 343/2016/TT-BTC. Cụ thể: 1. Chưa công khai số liệu và thuyết minh dự toán ngân sách cấp xã trình Hội đồng nhân dân cấp xã. 2. Thiếu công khai thuyết minh quyết toán ngân sách cấp xã đã được Hội đồng nhân dân phê chuẩn. 3. Tình hình thực hiện dự toán ngân sách mới chỉ công khai theo năm, thiếu báo cáo mốc 03 tháng, 06 tháng, 09 tháng theo Mẫu số 03/CKNS-SCX.
31/08/2026 19:06:00	Phan Thị Bảo	Kế toán trưởng	Phường Hương Trà	Qua rà soát hồ sơ công khai tài chính của xã, phát hiện các điểm tồn tại sau: Thứ nhất, chưa thực hiện công khai thuyết minh dự toán ngân sách xã khi trình HĐND. Thứ hai, báo cáo quyết toán chưa đính kèm thuyết minh giải trình tình hình thu chi ngân sách đã được HĐND thông qua. Thứ ba, việc công khai tình hình thực hiện dự toán định kỳ bị gộp chung theo quý thay vì đúng các mốc thời gian quy định 3, 6, 9 tháng và cả năm.
31/08/2026 19:07:00	Bùi Thị Bảo	Phó Chủ tịch UBND	Phường Bàn Thạch	Đánh giá việc tuân thủ công khai ngân sách xã: Đơn vị đã niêm yết biểu mẫu nhưng chưa đạt yêu cầu về nội dung và thời hạn. 1) Thiếu bản thuyết minh dự toán ngân sách cấp xã trình HĐND cấp xã; 2) Thiếu công khai thuyết minh quyết toán ngân sách xã đã phê chuẩn; 3) Mốc công khai thực hiện dự toán chưa bảo đảm định kỳ 03 tháng, 06 tháng, 09 tháng và cả năm theo biểu mẫu số 03.
31/08/2026 19:08:00	Đặng Thị Bảo	Chủ tịch UBND	Phường Điện Bàn	Nội dung công khai ngân sách cấp xã còn 3 vướng mắc chính: (1) Số liệu dự toán trình HĐND xã chưa có thuyết minh chi tiết kèm theo; (2) Quyết toán ngân sách xã sau khi phê chuẩn thiếu nội dung thuyết minh thu chi; (3) Tình hình thực hiện dự toán ngân sách địa phương chưa đăng tải đúng mốc 3 tháng, 6 tháng và 9 tháng theo quy định.
31/08/2026 19:09:00	Đỗ Thị Bảo	Trưởng phòng Tài chính	Phường Điện Bàn Đông	Theo quy định hiện hành về công khai ngân sách cấp xã, UBND xã cần khắc phục ngay các thiếu sót: Bổ sung thuyết minh dự toán ngân sách trình HĐND; Bổ sung thuyết minh quyết toán ngân sách xã được HĐND phê chuẩn; Đảm bảo niêm yết công khai tình hình thực hiện dự toán ngân sách cấp xã đủ 4 mốc: 3 tháng, 6 tháng, 9 tháng và cả năm (theo Mẫu 03).