Timestamp	Họ và tên Anh/Chị	Chức vụ/Vị trí công tác	Đơn vị công tác	Câu 1: Trong phân cấp ngân sách địa phương, khoản thu nào sau đây không thuộc nguồn thu ngân sách cấp xã:	Câu 2: Yêu cầu nào sau đây không đúng khi quản lý thu phí, lệ phí:	Câu 3: Yêu cầu nào là không đúng khi lập dự toán ngân sách cấp xã:	Câu 4: Nội dung nào dưới đây không đúng về sử dụng dự phòng ngân sách cấp huyện:	Câu 5: Thẩm quyền quyết định sử dụng dự phòng ngân sách cấp xã:	Câu 6: Cơ quan nào có quyền tạm đình chỉ chi ngân sách của các cơ quan, tổ chức, đơn vị dự toán ngân sách cấp xã khi không chấp hành đúng chế độ báo cáo kế toán, quyết toán, báo cáo tài chính khác và chịu trách nhiệm về quyết định của mình:	Score
31/08/2026 15:00:00	Nguyễn Văn Anh	Công chức Tài chính - Kế toán	Sở Tài chính	Thu từ quỹ phòng, chống thiên tai được phân bổ cho Uỷ ban nhân dân cấp xã	Phí thu từ các hoạt động dịch vụ do cơ quan nhà nước cấp xã thực hiện phải nộp vào ngân sách nhà nước, trường hợp được khoán chi phí hoạt động từ nguồn thu phí thì được khấu trừ theo tỷ lệ xác định quy định; phần còn lại (nếu có) nộp ngân sách nhà nước	Xây dựng dự toán ngân sách cấp xã đảm bảo dự phòng ngân sách đạt 2% tổng chi ngân sách cấp xã (bao gồm chi bổ sung có mục tiêu từ ngân sách cấp trên)	Chi hỗ trợ hoạt động thường xuyên cho các đơn vị thuộc cấp tỉnh quản lý đóng trên địa bàn	Uỷ ban nhân dân cấp xã	Cơ quan tài chính cấp xã	60 / 60
31/08/2026 15:00:45	Trần Văn Anh	Chuyên viên	Phường Hải Châu	Thu từ quỹ phòng, chống thiên tai được phân bổ cho Uỷ ban nhân dân cấp xã	Phí thu từ các hoạt động dịch vụ do cơ quan nhà nước cấp xã thực hiện phải nộp vào ngân sách nhà nước, trường hợp được khoán chi phí hoạt động từ nguồn thu phí thì được khấu trừ theo tỷ lệ xác định quy định; phần còn lại (nếu có) nộp ngân sách nhà nước	Xây dựng dự toán ngân sách cấp xã đảm bảo dự phòng ngân sách đạt 2% tổng chi ngân sách cấp xã (bao gồm chi bổ sung có mục tiêu từ ngân sách cấp trên)	Chi hỗ trợ hoạt động thường xuyên cho các đơn vị thuộc cấp tỉnh quản lý đóng trên địa bàn	Uỷ ban nhân dân cấp xã	Cơ quan tài chính cấp xã	60 / 60
31/08/2026 15:01:30	Lê Văn Anh	Kế toán trưởng	Phường Hòa Cường	Thu từ quỹ phòng, chống thiên tai được phân bổ cho Uỷ ban nhân dân cấp xã	Phí thu từ các hoạt động dịch vụ do cơ quan nhà nước cấp xã thực hiện phải nộp vào ngân sách nhà nước, trường hợp được khoán chi phí hoạt động từ nguồn thu phí thì được khấu trừ theo tỷ lệ xác định quy định; phần còn lại (nếu có) nộp ngân sách nhà nước	Xây dựng dự toán ngân sách cấp xã đảm bảo dự phòng ngân sách đạt 2% tổng chi ngân sách cấp xã (bao gồm chi bổ sung có mục tiêu từ ngân sách cấp trên)	Chi hỗ trợ hoạt động thường xuyên cho các đơn vị thuộc cấp tỉnh quản lý đóng trên địa bàn	Uỷ ban nhân dân cấp xã	Cơ quan tài chính cấp xã	60 / 60
31/08/2026 15:02:15	Phạm Văn Anh	Phó Chủ tịch UBND	Phường Thanh Khê	Thu từ quỹ phòng, chống thiên tai được phân bổ cho Uỷ ban nhân dân cấp xã	Phí thu từ các hoạt động dịch vụ do cơ quan nhà nước cấp xã thực hiện phải nộp vào ngân sách nhà nước, trường hợp được khoán chi phí hoạt động từ nguồn thu phí thì được khấu trừ theo tỷ lệ xác định quy định; phần còn lại (nếu có) nộp ngân sách nhà nước	Xây dựng dự toán ngân sách cấp xã đảm bảo dự phòng ngân sách đạt 2% tổng chi ngân sách cấp xã (bao gồm chi bổ sung có mục tiêu từ ngân sách cấp trên)	Chi hỗ trợ hoạt động thường xuyên cho các đơn vị thuộc cấp tỉnh quản lý đóng trên địa bàn	Uỷ ban nhân dân cấp xã	Cơ quan tài chính cấp xã	60 / 60
31/08/2026 15:03:00	Vũ Văn Anh	Chủ tịch UBND	Phường An Khê	Thu từ quỹ phòng, chống thiên tai được phân bổ cho Uỷ ban nhân dân cấp xã	Phí thu từ các hoạt động dịch vụ do cơ quan nhà nước cấp xã thực hiện phải nộp vào ngân sách nhà nước, trường hợp được khoán chi phí hoạt động từ nguồn thu phí thì được khấu trừ theo tỷ lệ xác định quy định; phần còn lại (nếu có) nộp ngân sách nhà nước	Xây dựng dự toán ngân sách cấp xã đảm bảo dự phòng ngân sách đạt 2% tổng chi ngân sách cấp xã (bao gồm chi bổ sung có mục tiêu từ ngân sách cấp trên)	Chi hỗ trợ hoạt động thường xuyên cho các đơn vị thuộc cấp tỉnh quản lý đóng trên địa bàn	Uỷ ban nhân dân cấp xã	Cơ quan tài chính cấp xã	60 / 60
31/08/2026 15:03:45	Hoàng Văn Anh	Trưởng phòng Tài chính	Phường An Hải	Thu từ quỹ phòng, chống thiên tai được phân bổ cho Uỷ ban nhân dân cấp xã	Phí thu từ các hoạt động dịch vụ do cơ quan nhà nước cấp xã thực hiện phải nộp vào ngân sách nhà nước, trường hợp được khoán chi phí hoạt động từ nguồn thu phí thì được khấu trừ theo tỷ lệ xác định quy định; phần còn lại (nếu có) nộp ngân sách nhà nước	Xây dựng dự toán ngân sách cấp xã đảm bảo dự phòng ngân sách đạt 2% tổng chi ngân sách cấp xã (bao gồm chi bổ sung có mục tiêu từ ngân sách cấp trên)	Chi hỗ trợ hoạt động thường xuyên cho các đơn vị thuộc cấp tỉnh quản lý đóng trên địa bàn	Uỷ ban nhân dân cấp xã	Cơ quan tài chính cấp xã	60 / 60
31/08/2026 15:04:30	Phan Văn Anh	Phó Trưởng phòng Tài chính	Phường Sơn Trà	Thu từ quỹ phòng, chống thiên tai được phân bổ cho Uỷ ban nhân dân cấp xã	Phí thu từ các hoạt động dịch vụ do cơ quan nhà nước cấp xã thực hiện phải nộp vào ngân sách nhà nước, trường hợp được khoán chi phí hoạt động từ nguồn thu phí thì được khấu trừ theo tỷ lệ xác định quy định; phần còn lại (nếu có) nộp ngân sách nhà nước	Xây dựng dự toán ngân sách cấp xã đảm bảo dự phòng ngân sách đạt 2% tổng chi ngân sách cấp xã (bao gồm chi bổ sung có mục tiêu từ ngân sách cấp trên)	Chi hỗ trợ hoạt động thường xuyên cho các đơn vị thuộc cấp tỉnh quản lý đóng trên địa bàn	Uỷ ban nhân dân cấp xã	Cơ quan tài chính cấp xã	60 / 60
31/08/2026 15:05:15	Bùi Văn Anh	Công chức Văn phòng - Thống kê	Phường Ngũ Hành Sơn	Thu từ quỹ phòng, chống thiên tai được phân bổ cho Uỷ ban nhân dân cấp xã	Phí thu từ các hoạt động dịch vụ do cơ quan nhà nước cấp xã thực hiện phải nộp vào ngân sách nhà nước, trường hợp được khoán chi phí hoạt động từ nguồn thu phí thì được khấu trừ theo tỷ lệ xác định quy định; phần còn lại (nếu có) nộp ngân sách nhà nước	Xây dựng dự toán ngân sách cấp xã đảm bảo dự phòng ngân sách đạt 2% tổng chi ngân sách cấp xã (bao gồm chi bổ sung có mục tiêu từ ngân sách cấp trên)	Chi hỗ trợ hoạt động thường xuyên cho các đơn vị thuộc cấp tỉnh quản lý đóng trên địa bàn	Uỷ ban nhân dân cấp xã	Cơ quan tài chính cấp xã	60 / 60
31/08/2026 15:06:00	Đặng Văn Anh	Công chức Địa chính - Xây dựng	Phường Hòa Khánh	Thu từ quỹ phòng, chống thiên tai được phân bổ cho Uỷ ban nhân dân cấp xã	Phí thu từ các hoạt động dịch vụ do cơ quan nhà nước cấp xã thực hiện phải nộp vào ngân sách nhà nước, trường hợp được khoán chi phí hoạt động từ nguồn thu phí thì được khấu trừ theo tỷ lệ xác định quy định; phần còn lại (nếu có) nộp ngân sách nhà nước	Xây dựng dự toán ngân sách cấp xã đảm bảo dự phòng ngân sách đạt 2% tổng chi ngân sách cấp xã (bao gồm chi bổ sung có mục tiêu từ ngân sách cấp trên)	Chi hỗ trợ hoạt động thường xuyên cho các đơn vị thuộc cấp tỉnh quản lý đóng trên địa bàn	Uỷ ban nhân dân cấp xã	Cơ quan tài chính cấp xã	60 / 60
31/08/2026 15:06:45	Đỗ Văn Anh	Phó Chủ tịch HĐND	Phường Liên Chiểu	Thu từ quỹ phòng, chống thiên tai được phân bổ cho Uỷ ban nhân dân cấp xã	Phí thu từ các hoạt động dịch vụ do cơ quan nhà nước cấp xã thực hiện phải nộp vào ngân sách nhà nước, trường hợp được khoán chi phí hoạt động từ nguồn thu phí thì được khấu trừ theo tỷ lệ xác định quy định; phần còn lại (nếu có) nộp ngân sách nhà nước	Xây dựng dự toán ngân sách cấp xã đảm bảo dự phòng ngân sách đạt 2% tổng chi ngân sách cấp xã (bao gồm chi bổ sung có mục tiêu từ ngân sách cấp trên)	Chi hỗ trợ hoạt động thường xuyên cho các đơn vị thuộc cấp tỉnh quản lý đóng trên địa bàn	Uỷ ban nhân dân cấp xã	Cơ quan tài chính cấp xã	60 / 60
31/08/2026 15:07:30	Hồ Văn Anh	Công chức Tài chính - Kế toán	Phường Hải Vân	Thu từ quỹ phòng, chống thiên tai được phân bổ cho Uỷ ban nhân dân cấp xã	Phí thu từ các hoạt động dịch vụ do cơ quan nhà nước cấp xã thực hiện phải nộp vào ngân sách nhà nước, trường hợp được khoán chi phí hoạt động từ nguồn thu phí thì được khấu trừ theo tỷ lệ xác định quy định; phần còn lại (nếu có) nộp ngân sách nhà nước	Xây dựng dự toán ngân sách cấp xã đảm bảo dự phòng ngân sách đạt 2% tổng chi ngân sách cấp xã (bao gồm chi bổ sung có mục tiêu từ ngân sách cấp trên)	Chi hỗ trợ hoạt động thường xuyên cho các đơn vị thuộc cấp tỉnh quản lý đóng trên địa bàn	Uỷ ban nhân dân cấp xã	Cơ quan tài chính cấp xã	60 / 60
31/08/2026 15:08:15	Ngo Văn Anh	Chuyên viên	Phường Tam Kỳ	Thu từ quỹ phòng, chống thiên tai được phân bổ cho Uỷ ban nhân dân cấp xã	Phí thu từ các hoạt động dịch vụ do cơ quan nhà nước cấp xã thực hiện phải nộp vào ngân sách nhà nước, trường hợp được khoán chi phí hoạt động từ nguồn thu phí thì được khấu trừ theo tỷ lệ xác định quy định; phần còn lại (nếu có) nộp ngân sách nhà nước	Xây dựng dự toán ngân sách cấp xã đảm bảo dự phòng ngân sách đạt 2% tổng chi ngân sách cấp xã (bao gồm chi bổ sung có mục tiêu từ ngân sách cấp trên)	Chi hỗ trợ hoạt động thường xuyên cho các đơn vị thuộc cấp tỉnh quản lý đóng trên địa bàn	Uỷ ban nhân dân cấp xã	Cơ quan tài chính cấp xã	60 / 60
31/08/2026 15:09:00	Dương Văn Anh	Kế toán trưởng	Phường Quảng Phú	Thu từ quỹ phòng, chống thiên tai được phân bổ cho Uỷ ban nhân dân cấp xã	Phí thu từ các hoạt động dịch vụ do cơ quan nhà nước cấp xã thực hiện phải nộp vào ngân sách nhà nước, trường hợp được khoán chi phí hoạt động từ nguồn thu phí thì được khấu trừ theo tỷ lệ xác định quy định; phần còn lại (nếu có) nộp ngân sách nhà nước	Xây dựng dự toán ngân sách cấp xã đảm bảo dự phòng ngân sách đạt 2% tổng chi ngân sách cấp xã (bao gồm chi bổ sung có mục tiêu từ ngân sách cấp trên)	Chi hỗ trợ hoạt động thường xuyên cho các đơn vị thuộc cấp tỉnh quản lý đóng trên địa bàn	Uỷ ban nhân dân cấp xã	Cơ quan tài chính cấp xã	60 / 60
31/08/2026 15:09:45	Đinh Văn Anh	Phó Chủ tịch UBND	Phường Hương Trà	Thu từ quỹ phòng, chống thiên tai được phân bổ cho Uỷ ban nhân dân cấp xã	Phí thu từ các hoạt động dịch vụ do cơ quan nhà nước cấp xã thực hiện phải nộp vào ngân sách nhà nước, trường hợp được khoán chi phí hoạt động từ nguồn thu phí thì được khấu trừ theo tỷ lệ xác định quy định; phần còn lại (nếu có) nộp ngân sách nhà nước	Xây dựng dự toán ngân sách cấp xã đảm bảo dự phòng ngân sách đạt 2% tổng chi ngân sách cấp xã (bao gồm chi bổ sung có mục tiêu từ ngân sách cấp trên)	Chi hỗ trợ hoạt động thường xuyên cho các đơn vị thuộc cấp tỉnh quản lý đóng trên địa bàn	Uỷ ban nhân dân cấp xã	Cơ quan tài chính cấp xã	60 / 60
31/08/2026 15:10:30	Trương Văn Anh	Chủ tịch UBND	Phường Bàn Thạch	Thu từ quỹ phòng, chống thiên tai được phân bổ cho Uỷ ban nhân dân cấp xã	Phí thu từ các hoạt động dịch vụ do cơ quan nhà nước cấp xã thực hiện phải nộp vào ngân sách nhà nước, trường hợp được khoán chi phí hoạt động từ nguồn thu phí thì được khấu trừ theo tỷ lệ xác định quy định; phần còn lại (nếu có) nộp ngân sách nhà nước	Xây dựng dự toán ngân sách cấp xã đảm bảo dự phòng ngân sách đạt 2% tổng chi ngân sách cấp xã (bao gồm chi bổ sung có mục tiêu từ ngân sách cấp trên)	Chi hỗ trợ hoạt động thường xuyên cho các đơn vị thuộc cấp tỉnh quản lý đóng trên địa bàn	Uỷ ban nhân dân cấp xã	Cơ quan tài chính cấp xã	60 / 60
31/08/2026 15:11:15	Nguyễn Thị Anh	Trưởng phòng Tài chính	Phường Điện Bàn	Thu từ quỹ phòng, chống thiên tai được phân bổ cho Uỷ ban nhân dân cấp xã	Phí thu từ các hoạt động dịch vụ do cơ quan nhà nước cấp xã thực hiện phải nộp vào ngân sách nhà nước, trường hợp được khoán chi phí hoạt động từ nguồn thu phí thì được khấu trừ theo tỷ lệ xác định quy định; phần còn lại (nếu có) nộp ngân sách nhà nước	Xây dựng dự toán ngân sách cấp xã đảm bảo dự phòng ngân sách đạt 2% tổng chi ngân sách cấp xã (bao gồm chi bổ sung có mục tiêu từ ngân sách cấp trên)	Chi hỗ trợ hoạt động thường xuyên cho các đơn vị thuộc cấp tỉnh quản lý đóng trên địa bàn	Cơ quan tài chính cấp xã	Cơ quan tài chính cấp xã	50 / 60
31/08/2026 15:12:00	Trần Thị Anh	Phó Trưởng phòng Tài chính	Phường Điện Bàn Đông	Thu từ quỹ phòng, chống thiên tai được phân bổ cho Uỷ ban nhân dân cấp xã	Phí thu từ các hoạt động dịch vụ do cơ quan nhà nước cấp xã thực hiện phải nộp vào ngân sách nhà nước, trường hợp được khoán chi phí hoạt động từ nguồn thu phí thì được khấu trừ theo tỷ lệ xác định quy định; phần còn lại (nếu có) nộp ngân sách nhà nước	Xây dựng dự toán ngân sách cấp xã đảm bảo dự phòng ngân sách đạt 2% tổng chi ngân sách cấp xã (bao gồm chi bổ sung có mục tiêu từ ngân sách cấp trên)	Chi hỗ trợ hoạt động thường xuyên cho các đơn vị thuộc cấp tỉnh quản lý đóng trên địa bàn	Uỷ ban nhân dân cấp xã	Cơ quan cấp trên	50 / 60
31/08/2026 15:12:45	Lê Thị Anh	Công chức Văn phòng - Thống kê	Phường An Thắng	Thu từ quỹ phòng, chống thiên tai được phân bổ cho Uỷ ban nhân dân cấp xã	Phí thu từ các hoạt động dịch vụ do cơ quan nhà nước cấp xã thực hiện phải nộp vào ngân sách nhà nước, trường hợp được khoán chi phí hoạt động từ nguồn thu phí thì được khấu trừ theo tỷ lệ xác định quy định; phần còn lại (nếu có) nộp ngân sách nhà nước	Xây dựng dự toán ngân sách cấp xã đảm bảo dự phòng ngân sách đạt 2% tổng chi ngân sách cấp xã (bao gồm chi bổ sung có mục tiêu từ ngân sách cấp trên)	Chi hỗ trợ hoạt động thường xuyên cho các đơn vị thuộc cấp tỉnh quản lý đóng trên địa bàn	Hội đồng nhân dân cấp xã	Kho bạc nhà nước	40 / 60
31/08/2026 15:13:30	Phạm Thị Anh	Công chức Địa chính - Xây dựng	Phường Điện Bàn Bắc	Thu từ quỹ phòng, chống thiên tai được phân bổ cho Uỷ ban nhân dân cấp xã	Phí thu từ các hoạt động dịch vụ do cơ quan nhà nước cấp xã thực hiện phải nộp vào ngân sách nhà nước, trường hợp được khoán chi phí hoạt động từ nguồn thu phí thì được khấu trừ theo tỷ lệ xác định quy định; phần còn lại (nếu có) nộp ngân sách nhà nước	Xây dựng dự toán ngân sách cấp xã đảm bảo dự phòng ngân sách đạt 2% tổng chi ngân sách cấp xã (bao gồm chi bổ sung có mục tiêu từ ngân sách cấp trên)	Chi hỗ trợ hoạt động thường xuyên cho các đơn vị thuộc cấp tỉnh quản lý đóng trên địa bàn	Thường trực Hội đồng nhân dân cấp xã	Thanh tra tài chính	40 / 60
31/08/2026 15:14:15	Vũ Thị Anh	Phó Chủ tịch HĐND	Phường Hội An	Thu từ quỹ phòng, chống thiên tai được phân bổ cho Uỷ ban nhân dân cấp xã	Phí thu từ các hoạt động dịch vụ do cơ quan nhà nước cấp xã thực hiện phải nộp vào ngân sách nhà nước, trường hợp được khoán chi phí hoạt động từ nguồn thu phí thì được khấu trừ theo tỷ lệ xác định quy định; phần còn lại (nếu có) nộp ngân sách nhà nước	Xây dựng dự toán ngân sách cấp xã đảm bảo dự phòng ngân sách đạt 2% tổng chi ngân sách cấp xã (bao gồm chi bổ sung có mục tiêu từ ngân sách cấp trên)	Chi hỗ trợ hoạt động thường xuyên cho các đơn vị thuộc cấp tỉnh quản lý đóng trên địa bàn	Cơ quan tài chính cấp xã	Cơ quan tài chính cấp xã	50 / 60
31/08/2026 15:15:00	Hoàng Thị Anh	Công chức Tài chính - Kế toán	Phường Hội An Đông	Thu từ quỹ phòng, chống thiên tai được phân bổ cho Uỷ ban nhân dân cấp xã	Phí thu từ các hoạt động dịch vụ do cơ quan nhà nước cấp xã thực hiện phải nộp vào ngân sách nhà nước, trường hợp được khoán chi phí hoạt động từ nguồn thu phí thì được khấu trừ theo tỷ lệ xác định quy định; phần còn lại (nếu có) nộp ngân sách nhà nước	Xây dựng dự toán ngân sách cấp xã đảm bảo dự phòng ngân sách đạt 2% tổng chi ngân sách cấp xã (bao gồm chi bổ sung có mục tiêu từ ngân sách cấp trên)	Chi hỗ trợ hoạt động thường xuyên cho các đơn vị thuộc cấp tỉnh quản lý đóng trên địa bàn	Uỷ ban nhân dân cấp xã	Cơ quan cấp trên	50 / 60
31/08/2026 15:15:45	Phan Thị Anh	Chuyên viên	Phường Hội An Tây	Thu từ quỹ phòng, chống thiên tai được phân bổ cho Uỷ ban nhân dân cấp xã	Phí thu từ các hoạt động dịch vụ do cơ quan nhà nước cấp xã thực hiện phải nộp vào ngân sách nhà nước, trường hợp được khoán chi phí hoạt động từ nguồn thu phí thì được khấu trừ theo tỷ lệ xác định quy định; phần còn lại (nếu có) nộp ngân sách nhà nước	Xây dựng dự toán ngân sách cấp xã đảm bảo dự phòng ngân sách đạt 2% tổng chi ngân sách cấp xã (bao gồm chi bổ sung có mục tiêu từ ngân sách cấp trên)	Chi hỗ trợ hoạt động thường xuyên cho các đơn vị thuộc cấp tỉnh quản lý đóng trên địa bàn	Hội đồng nhân dân cấp xã	Kho bạc nhà nước	40 / 60
31/08/2026 15:16:30	Bùi Thị Anh	Kế toán trưởng	Xã Hòa Vang	Thu từ quỹ phòng, chống thiên tai được phân bổ cho Uỷ ban nhân dân cấp xã	Phí thu từ các hoạt động dịch vụ do cơ quan nhà nước cấp xã thực hiện phải nộp vào ngân sách nhà nước, trường hợp được khoán chi phí hoạt động từ nguồn thu phí thì được khấu trừ theo tỷ lệ xác định quy định; phần còn lại (nếu có) nộp ngân sách nhà nước	Xây dựng dự toán ngân sách cấp xã đảm bảo dự phòng ngân sách đạt 2% tổng chi ngân sách cấp xã (bao gồm chi bổ sung có mục tiêu từ ngân sách cấp trên)	Chi hỗ trợ hoạt động thường xuyên cho các đơn vị thuộc cấp tỉnh quản lý đóng trên địa bàn	Thường trực Hội đồng nhân dân cấp xã	Thanh tra tài chính	40 / 60
31/08/2026 15:17:15	Đặng Thị Anh	Phó Chủ tịch UBND	Xã Hòa Tiến	Thu từ quỹ phòng, chống thiên tai được phân bổ cho Uỷ ban nhân dân cấp xã	Phí thu từ các hoạt động dịch vụ do cơ quan nhà nước cấp xã thực hiện phải nộp vào ngân sách nhà nước, trường hợp được khoán chi phí hoạt động từ nguồn thu phí thì được khấu trừ theo tỷ lệ xác định quy định; phần còn lại (nếu có) nộp ngân sách nhà nước	Xây dựng dự toán ngân sách cấp xã đảm bảo dự phòng ngân sách đạt 2% tổng chi ngân sách cấp xã (bao gồm chi bổ sung có mục tiêu từ ngân sách cấp trên)	Chi hỗ trợ hoạt động thường xuyên cho các đơn vị thuộc cấp tỉnh quản lý đóng trên địa bàn	Cơ quan tài chính cấp xã	Cơ quan tài chính cấp xã	50 / 60
31/08/2026 15:18:00	Đỗ Thị Anh	Chủ tịch UBND	Xã Bà Nà	Thu từ quỹ phòng, chống thiên tai được phân bổ cho Uỷ ban nhân dân cấp xã	Phí thu từ các hoạt động dịch vụ do cơ quan nhà nước cấp xã thực hiện phải nộp vào ngân sách nhà nước, trường hợp được khoán chi phí hoạt động từ nguồn thu phí thì được khấu trừ theo tỷ lệ xác định quy định; phần còn lại (nếu có) nộp ngân sách nhà nước	Xây dựng dự toán ngân sách cấp xã đảm bảo dự phòng ngân sách đạt 2% tổng chi ngân sách cấp xã (bao gồm chi bổ sung có mục tiêu từ ngân sách cấp trên)	Chi hỗ trợ hoạt động thường xuyên cho các đơn vị thuộc cấp tỉnh quản lý đóng trên địa bàn	Uỷ ban nhân dân cấp xã	Cơ quan cấp trên	50 / 60
31/08/2026 15:18:45	Hồ Thị Anh	Trưởng phòng Tài chính	Xã Tam Anh	Thu từ quỹ phòng, chống thiên tai được phân bổ cho Uỷ ban nhân dân cấp xã	Phí thu từ các hoạt động dịch vụ do cơ quan nhà nước cấp xã thực hiện phải nộp vào ngân sách nhà nước, trường hợp được khoán chi phí hoạt động từ nguồn thu phí thì được khấu trừ theo tỷ lệ xác định quy định; phần còn lại (nếu có) nộp ngân sách nhà nước	Xây dựng dự toán ngân sách cấp xã đảm bảo dự phòng ngân sách đạt 2% tổng chi ngân sách cấp xã (bao gồm chi bổ sung có mục tiêu từ ngân sách cấp trên)	Chi hỗ trợ hoạt động thường xuyên cho các đơn vị thuộc cấp tỉnh quản lý đóng trên địa bàn	Hội đồng nhân dân cấp xã	Kho bạc nhà nước	40 / 60
31/08/2026 15:19:30	Ngo Thị Anh	Phó Trưởng phòng Tài chính	Xã Tam Xuân	Thu từ quỹ phòng, chống thiên tai được phân bổ cho Uỷ ban nhân dân cấp xã	Phí thu từ các hoạt động dịch vụ do cơ quan nhà nước cấp xã thực hiện phải nộp vào ngân sách nhà nước, trường hợp được khoán chi phí hoạt động từ nguồn thu phí thì được khấu trừ theo tỷ lệ xác định quy định; phần còn lại (nếu có) nộp ngân sách nhà nước	Xây dựng dự toán ngân sách cấp xã đảm bảo dự phòng ngân sách đạt 2% tổng chi ngân sách cấp xã (bao gồm chi bổ sung có mục tiêu từ ngân sách cấp trên)	Chi hỗ trợ hoạt động thường xuyên cho các đơn vị thuộc cấp tỉnh quản lý đóng trên địa bàn	Thường trực Hội đồng nhân dân cấp xã	Thanh tra tài chính	40 / 60
31/08/2026 15:20:15	Dương Thị Anh	Công chức Văn phòng - Thống kê	Xã Tây Hồ	Thu từ quỹ phòng, chống thiên tai được phân bổ cho Uỷ ban nhân dân cấp xã	Phí thu từ các hoạt động dịch vụ do cơ quan nhà nước cấp xã thực hiện phải nộp vào ngân sách nhà nước, trường hợp được khoán chi phí hoạt động từ nguồn thu phí thì được khấu trừ theo tỷ lệ xác định quy định; phần còn lại (nếu có) nộp ngân sách nhà nước	Xây dựng dự toán ngân sách cấp xã đảm bảo dự phòng ngân sách đạt 2% tổng chi ngân sách cấp xã (bao gồm chi bổ sung có mục tiêu từ ngân sách cấp trên)	Chi hỗ trợ hoạt động thường xuyên cho các đơn vị thuộc cấp tỉnh quản lý đóng trên địa bàn	Cơ quan tài chính cấp xã	Cơ quan tài chính cấp xã	50 / 60
31/08/2026 15:21:00	Đinh Thị Anh	Công chức Địa chính - Xây dựng	Xã Chiên Đàn	Thu từ quỹ phòng, chống thiên tai được phân bổ cho Uỷ ban nhân dân cấp xã	Phí thu từ các hoạt động dịch vụ do cơ quan nhà nước cấp xã thực hiện phải nộp vào ngân sách nhà nước, trường hợp được khoán chi phí hoạt động từ nguồn thu phí thì được khấu trừ theo tỷ lệ xác định quy định; phần còn lại (nếu có) nộp ngân sách nhà nước	Xây dựng dự toán ngân sách cấp xã đảm bảo dự phòng ngân sách đạt 2% tổng chi ngân sách cấp xã (bao gồm chi bổ sung có mục tiêu từ ngân sách cấp trên)	Chi hỗ trợ hoạt động thường xuyên cho các đơn vị thuộc cấp tỉnh quản lý đóng trên địa bàn	Uỷ ban nhân dân cấp xã	Cơ quan cấp trên	50 / 60
31/08/2026 15:21:45	Trương Thị Anh	Phó Chủ tịch HĐND	Xã Tiên Phước	Thu từ quỹ phòng, chống thiên tai được phân bổ cho Uỷ ban nhân dân cấp xã	Phí thu từ các hoạt động dịch vụ do cơ quan nhà nước cấp xã thực hiện phải nộp vào ngân sách nhà nước, trường hợp được khoán chi phí hoạt động từ nguồn thu phí thì được khấu trừ theo tỷ lệ xác định quy định; phần còn lại (nếu có) nộp ngân sách nhà nước	Xây dựng dự toán ngân sách cấp xã đảm bảo dự phòng ngân sách đạt 2% tổng chi ngân sách cấp xã (bao gồm chi bổ sung có mục tiêu từ ngân sách cấp trên)	Chi hỗ trợ hoạt động thường xuyên cho các đơn vị thuộc cấp tỉnh quản lý đóng trên địa bàn	Hội đồng nhân dân cấp xã	Kho bạc nhà nước	40 / 60
31/08/2026 15:22:30	Nguyễn Quốc Anh	Công chức Tài chính - Kế toán	Xã Thạnh Bình	Thu từ quỹ phòng, chống thiên tai được phân bổ cho Uỷ ban nhân dân cấp xã	Phí thu từ các hoạt động dịch vụ do cơ quan nhà nước cấp xã thực hiện phải nộp vào ngân sách nhà nước, trường hợp được khoán chi phí hoạt động từ nguồn thu phí thì được khấu trừ theo tỷ lệ xác định quy định; phần còn lại (nếu có) nộp ngân sách nhà nước	Xây dựng dự toán ngân sách cấp xã đảm bảo dự phòng ngân sách đạt 2% tổng chi ngân sách cấp xã (bao gồm chi bổ sung có mục tiêu từ ngân sách cấp trên)	Chi hỗ trợ hoạt động thường xuyên cho các đơn vị thuộc cấp tỉnh quản lý đóng trên địa bàn	Thường trực Hội đồng nhân dân cấp xã	Thanh tra tài chính	40 / 60
31/08/2026 15:23:15	Trần Quốc Anh	Chuyên viên	Xã Sơn Cẩm Hà	Thu từ quỹ phòng, chống thiên tai được phân bổ cho Uỷ ban nhân dân cấp xã	Phí thu từ các hoạt động dịch vụ do cơ quan nhà nước cấp xã thực hiện phải nộp vào ngân sách nhà nước, trường hợp được khoán chi phí hoạt động từ nguồn thu phí thì được khấu trừ theo tỷ lệ xác định quy định; phần còn lại (nếu có) nộp ngân sách nhà nước	Xây dựng dự toán ngân sách cấp xã đảm bảo dự phòng ngân sách đạt 2% tổng chi ngân sách cấp xã (bao gồm chi bổ sung có mục tiêu từ ngân sách cấp trên)	Chi hỗ trợ hoạt động thường xuyên cho các đơn vị thuộc cấp tỉnh quản lý đóng trên địa bàn	Cơ quan tài chính cấp xã	Cơ quan tài chính cấp xã	50 / 60
31/08/2026 15:24:00	Lê Quốc Anh	Kế toán trưởng	Xã Trà Liên	Thu từ quỹ phòng, chống thiên tai được phân bổ cho Uỷ ban nhân dân cấp xã	Phí thu từ các hoạt động dịch vụ do cơ quan nhà nước cấp xã thực hiện phải nộp vào ngân sách nhà nước, trường hợp được khoán chi phí hoạt động từ nguồn thu phí thì được khấu trừ theo tỷ lệ xác định quy định; phần còn lại (nếu có) nộp ngân sách nhà nước	Xây dựng dự toán ngân sách cấp xã đảm bảo dự phòng ngân sách đạt 2% tổng chi ngân sách cấp xã (bao gồm chi bổ sung có mục tiêu từ ngân sách cấp trên)	Chi hỗ trợ hoạt động thường xuyên cho các đơn vị thuộc cấp tỉnh quản lý đóng trên địa bàn	Uỷ ban nhân dân cấp xã	Cơ quan cấp trên	50 / 60
31/08/2026 15:24:45	Phạm Quốc Anh	Phó Chủ tịch UBND	Xã Trà Giáp	Thu từ quỹ phòng, chống thiên tai được phân bổ cho Uỷ ban nhân dân cấp xã	Phí thu từ các hoạt động dịch vụ do cơ quan nhà nước cấp xã thực hiện phải nộp vào ngân sách nhà nước, trường hợp được khoán chi phí hoạt động từ nguồn thu phí thì được khấu trừ theo tỷ lệ xác định quy định; phần còn lại (nếu có) nộp ngân sách nhà nước	Xây dựng dự toán ngân sách cấp xã đảm bảo dự phòng ngân sách đạt 2% tổng chi ngân sách cấp xã (bao gồm chi bổ sung có mục tiêu từ ngân sách cấp trên)	Chi hỗ trợ hoạt động thường xuyên cho các đơn vị thuộc cấp tỉnh quản lý đóng trên địa bàn	Hội đồng nhân dân cấp xã	Kho bạc nhà nước	40 / 60
31/08/2026 15:25:30	Vũ Quốc Anh	Chủ tịch UBND	Xã Trà Tân	Thu từ quỹ phòng, chống thiên tai được phân bổ cho Uỷ ban nhân dân cấp xã	Phí thu từ các hoạt động dịch vụ do cơ quan nhà nước cấp xã thực hiện phải nộp vào ngân sách nhà nước, trường hợp được khoán chi phí hoạt động từ nguồn thu phí thì được khấu trừ theo tỷ lệ xác định quy định; phần còn lại (nếu có) nộp ngân sách nhà nước	Xây dựng dự toán ngân sách cấp xã đảm bảo dự phòng ngân sách đạt 2% tổng chi ngân sách cấp xã (bao gồm chi bổ sung có mục tiêu từ ngân sách cấp trên)	Chi hỗ trợ hoạt động thường xuyên cho các đơn vị thuộc cấp tỉnh quản lý đóng trên địa bàn	Thường trực Hội đồng nhân dân cấp xã	Thanh tra tài chính	40 / 60
31/08/2026 15:26:15	Hoàng Quốc Anh	Trưởng phòng Tài chính	Xã Trà My	Thu từ quỹ phòng, chống thiên tai được phân bổ cho Uỷ ban nhân dân cấp xã	Phí thu từ các hoạt động dịch vụ do cơ quan nhà nước cấp xã thực hiện phải nộp vào ngân sách nhà nước, trường hợp được khoán chi phí hoạt động từ nguồn thu phí thì được khấu trừ theo tỷ lệ xác định quy định; phần còn lại (nếu có) nộp ngân sách nhà nước	Xây dựng dự toán ngân sách cấp xã đảm bảo dự phòng ngân sách đạt 2% tổng chi ngân sách cấp xã (bao gồm chi bổ sung có mục tiêu từ ngân sách cấp trên)	Chi hỗ trợ hoạt động thường xuyên cho các đơn vị thuộc cấp tỉnh quản lý đóng trên địa bàn	Cơ quan tài chính cấp xã	Cơ quan tài chính cấp xã	50 / 60
31/08/2026 15:27:00	Phan Quốc Anh	Phó Trưởng phòng Tài chính	Xã Nam Trà My	Thu từ quỹ phòng, chống thiên tai được phân bổ cho Uỷ ban nhân dân cấp xã	Phí thu từ các hoạt động dịch vụ do cơ quan nhà nước cấp xã thực hiện phải nộp vào ngân sách nhà nước, trường hợp được khoán chi phí hoạt động từ nguồn thu phí thì được khấu trừ theo tỷ lệ xác định quy định; phần còn lại (nếu có) nộp ngân sách nhà nước	Xây dựng dự toán ngân sách cấp xã đảm bảo dự phòng ngân sách đạt 2% tổng chi ngân sách cấp xã (bao gồm chi bổ sung có mục tiêu từ ngân sách cấp trên)	Chi hỗ trợ hoạt động thường xuyên cho các đơn vị thuộc cấp tỉnh quản lý đóng trên địa bàn	Uỷ ban nhân dân cấp xã	Cơ quan cấp trên	50 / 60
31/08/2026 15:27:45	Bùi Quốc Anh	Công chức Văn phòng - Thống kê	Xã Trà Tập	Thu từ quỹ phòng, chống thiên tai được phân bổ cho Uỷ ban nhân dân cấp xã	Phí thu từ các hoạt động dịch vụ do cơ quan nhà nước cấp xã thực hiện phải nộp vào ngân sách nhà nước, trường hợp được khoán chi phí hoạt động từ nguồn thu phí thì được khấu trừ theo tỷ lệ xác định quy định; phần còn lại (nếu có) nộp ngân sách nhà nước	Xây dựng dự toán ngân sách cấp xã đảm bảo dự phòng ngân sách đạt 2% tổng chi ngân sách cấp xã (bao gồm chi bổ sung có mục tiêu từ ngân sách cấp trên)	Chi hỗ trợ hoạt động thường xuyên cho các đơn vị thuộc cấp tỉnh quản lý đóng trên địa bàn	Hội đồng nhân dân cấp xã	Kho bạc nhà nước	40 / 60
31/08/2026 15:28:30	Đặng Quốc Anh	Công chức Địa chính - Xây dựng	Xã Trà Vân	Thu từ quỹ phòng, chống thiên tai được phân bổ cho Uỷ ban nhân dân cấp xã	Phí thu từ các hoạt động dịch vụ do cơ quan nhà nước cấp xã thực hiện phải nộp vào ngân sách nhà nước, trường hợp được khoán chi phí hoạt động từ nguồn thu phí thì được khấu trừ theo tỷ lệ xác định quy định; phần còn lại (nếu có) nộp ngân sách nhà nước	Xây dựng dự toán ngân sách cấp xã đảm bảo dự phòng ngân sách đạt 2% tổng chi ngân sách cấp xã (bao gồm chi bổ sung có mục tiêu từ ngân sách cấp trên)	Chi hỗ trợ hoạt động thường xuyên cho các đơn vị thuộc cấp tỉnh quản lý đóng trên địa bàn	Thường trực Hội đồng nhân dân cấp xã	Thanh tra tài chính	40 / 60
31/08/2026 15:29:15	Đỗ Quốc Anh	Phó Chủ tịch HĐND	Xã Trà Leng	Thu từ quỹ phòng, chống thiên tai được phân bổ cho Uỷ ban nhân dân cấp xã	Phí thu từ các hoạt động dịch vụ do cơ quan nhà nước cấp xã thực hiện phải nộp vào ngân sách nhà nước, trường hợp được khoán chi phí hoạt động từ nguồn thu phí thì được khấu trừ theo tỷ lệ xác định quy định; phần còn lại (nếu có) nộp ngân sách nhà nước	Xây dựng dự toán ngân sách cấp xã đảm bảo dự phòng ngân sách đạt 2% tổng chi ngân sách cấp xã (bao gồm chi bổ sung có mục tiêu từ ngân sách cấp trên)	Chi hỗ trợ hoạt động thường xuyên cho các đơn vị thuộc cấp tỉnh quản lý đóng trên địa bàn	Cơ quan tài chính cấp xã	Cơ quan tài chính cấp xã	50 / 60
31/08/2026 15:30:00	Hồ Quốc Anh	Công chức Tài chính - Kế toán	Xã Thăng Bình	Thu từ quỹ phòng, chống thiên tai được phân bổ cho Uỷ ban nhân dân cấp xã	Phí thu từ các hoạt động dịch vụ do cơ quan nhà nước cấp xã thực hiện phải nộp vào ngân sách nhà nước, trường hợp được khoán chi phí hoạt động từ nguồn thu phí thì được khấu trừ theo tỷ lệ xác định quy định; phần còn lại (nếu có) nộp ngân sách nhà nước	Xây dựng dự toán ngân sách cấp xã đảm bảo dự phòng ngân sách đạt 2% tổng chi ngân sách cấp xã (bao gồm chi bổ sung có mục tiêu từ ngân sách cấp trên)	Chi hỗ trợ hoạt động thường xuyên cho các đơn vị thuộc cấp tỉnh quản lý đóng trên địa bàn	Uỷ ban nhân dân cấp xã	Cơ quan cấp trên	50 / 60
31/08/2026 15:30:45	Ngo Quốc Anh	Chuyên viên	Xã Thăng An	Thu từ quỹ phòng, chống thiên tai được phân bổ cho Uỷ ban nhân dân cấp xã	Phí thu từ các hoạt động dịch vụ do cơ quan nhà nước cấp xã thực hiện phải nộp vào ngân sách nhà nước, trường hợp được khoán chi phí hoạt động từ nguồn thu phí thì được khấu trừ theo tỷ lệ xác định quy định; phần còn lại (nếu có) nộp ngân sách nhà nước	Xây dựng dự toán ngân sách cấp xã đảm bảo dự phòng ngân sách đạt 2% tổng chi ngân sách cấp xã (bao gồm chi bổ sung có mục tiêu từ ngân sách cấp trên)	Chi hỗ trợ hoạt động thường xuyên cho các đơn vị thuộc cấp tỉnh quản lý đóng trên địa bàn	Hội đồng nhân dân cấp xã	Kho bạc nhà nước	40 / 60
31/08/2026 15:31:30	Dương Quốc Anh	Kế toán trưởng	Xã Thăng Trường	Thu từ quỹ phòng, chống thiên tai được phân bổ cho Uỷ ban nhân dân cấp xã	Phí thu từ các hoạt động dịch vụ do cơ quan nhà nước cấp xã thực hiện phải nộp vào ngân sách nhà nước, trường hợp được khoán chi phí hoạt động từ nguồn thu phí thì được khấu trừ theo tỷ lệ xác định quy định; phần còn lại (nếu có) nộp ngân sách nhà nước	Xây dựng dự toán ngân sách cấp xã đảm bảo dự phòng ngân sách đạt 2% tổng chi ngân sách cấp xã (bao gồm chi bổ sung có mục tiêu từ ngân sách cấp trên)	Chi hỗ trợ hoạt động thường xuyên cho các đơn vị thuộc cấp tỉnh quản lý đóng trên địa bàn	Thường trực Hội đồng nhân dân cấp xã	Thanh tra tài chính	40 / 60
31/08/2026 15:32:15	Đinh Quốc Anh	Phó Chủ tịch UBND	Xã Thăng Phú	Thu từ quỹ phòng, chống thiên tai được phân bổ cho Uỷ ban nhân dân cấp xã	Phí thu từ các hoạt động dịch vụ do cơ quan nhà nước cấp xã thực hiện phải nộp vào ngân sách nhà nước, trường hợp được khoán chi phí hoạt động từ nguồn thu phí thì được khấu trừ theo tỷ lệ xác định quy định; phần còn lại (nếu có) nộp ngân sách nhà nước	Xây dựng dự toán ngân sách cấp xã đảm bảo dự phòng ngân sách đạt 2% tổng chi ngân sách cấp xã (bao gồm chi bổ sung có mục tiêu từ ngân sách cấp trên)	Chi hỗ trợ hoạt động thường xuyên cho các đơn vị thuộc cấp tỉnh quản lý đóng trên địa bàn	Cơ quan tài chính cấp xã	Cơ quan tài chính cấp xã	50 / 60
31/08/2026 15:33:00	Trương Quốc Anh	Chủ tịch UBND	Xã Đồng Dương	Thu từ quỹ phòng, chống thiên tai được phân bổ cho Uỷ ban nhân dân cấp xã	Phí thu từ các hoạt động dịch vụ do cơ quan nhà nước cấp xã thực hiện phải nộp vào ngân sách nhà nước, trường hợp được khoán chi phí hoạt động từ nguồn thu phí thì được khấu trừ theo tỷ lệ xác định quy định; phần còn lại (nếu có) nộp ngân sách nhà nước	Xây dựng dự toán ngân sách cấp xã đảm bảo dự phòng ngân sách đạt 2% tổng chi ngân sách cấp xã (bao gồm chi bổ sung có mục tiêu từ ngân sách cấp trên)	Chi hỗ trợ hoạt động thường xuyên cho các đơn vị thuộc cấp tỉnh quản lý đóng trên địa bàn	Uỷ ban nhân dân cấp xã	Cơ quan cấp trên	50 / 60
31/08/2026 15:33:45	Nguyễn Nhật Anh	Trưởng phòng Tài chính	Xã Quế Sơn Trung	Thu từ quỹ phòng, chống thiên tai được phân bổ cho Uỷ ban nhân dân cấp xã	Phí thu từ các hoạt động dịch vụ do cơ quan nhà nước cấp xã thực hiện phải nộp vào ngân sách nhà nước, trường hợp được khoán chi phí hoạt động từ nguồn thu phí thì được khấu trừ theo tỷ lệ xác định quy định; phần còn lại (nếu có) nộp ngân sách nhà nước	Xây dựng dự toán ngân sách cấp xã đảm bảo dự phòng ngân sách đạt 2% tổng chi ngân sách cấp xã (bao gồm chi bổ sung có mục tiêu từ ngân sách cấp trên)	Chi hỗ trợ hoạt động thường xuyên cho các đơn vị thuộc cấp tỉnh quản lý đóng trên địa bàn	Hội đồng nhân dân cấp xã	Kho bạc nhà nước	40 / 60
31/08/2026 15:34:30	Trần Nhật Anh	Phó Trưởng phòng Tài chính	Xã Xuân Phú	Thu từ quỹ phòng, chống thiên tai được phân bổ cho Uỷ ban nhân dân cấp xã	Phí thu từ các hoạt động dịch vụ do cơ quan nhà nước cấp xã thực hiện phải nộp vào ngân sách nhà nước, trường hợp được khoán chi phí hoạt động từ nguồn thu phí thì được khấu trừ theo tỷ lệ xác định quy định; phần còn lại (nếu có) nộp ngân sách nhà nước	Xây dựng dự toán ngân sách cấp xã đảm bảo dự phòng ngân sách đạt 2% tổng chi ngân sách cấp xã (bao gồm chi bổ sung có mục tiêu từ ngân sách cấp trên)	Chi hỗ trợ hoạt động thường xuyên cho các đơn vị thuộc cấp tỉnh quản lý đóng trên địa bàn	Thường trực Hội đồng nhân dân cấp xã	Thanh tra tài chính	40 / 60
31/08/2026 15:35:15	Lê Nhật Anh	Công chức Văn phòng - Thống kê	Xã Nông Sơn	Thu từ quỹ phòng, chống thiên tai được phân bổ cho Uỷ ban nhân dân cấp xã	Phí thu từ các hoạt động dịch vụ do cơ quan nhà nước cấp xã thực hiện phải nộp vào ngân sách nhà nước, trường hợp được khoán chi phí hoạt động từ nguồn thu phí thì được khấu trừ theo tỷ lệ xác định quy định; phần còn lại (nếu có) nộp ngân sách nhà nước	Xây dựng dự toán ngân sách cấp xã đảm bảo dự phòng ngân sách đạt 2% tổng chi ngân sách cấp xã (bao gồm chi bổ sung có mục tiêu từ ngân sách cấp trên)	Chi hỗ trợ hoạt động thường xuyên cho các đơn vị thuộc cấp tỉnh quản lý đóng trên địa bàn	Cơ quan tài chính cấp xã	Cơ quan tài chính cấp xã	50 / 60
31/08/2026 15:36:00	Phạm Nhật Anh	Công chức Địa chính - Xây dựng	Xã Quế Phước	Thu từ quỹ phòng, chống thiên tai được phân bổ cho Uỷ ban nhân dân cấp xã	Phí thu từ các hoạt động dịch vụ do cơ quan nhà nước cấp xã thực hiện phải nộp vào ngân sách nhà nước, trường hợp được khoán chi phí hoạt động từ nguồn thu phí thì được khấu trừ theo tỷ lệ xác định quy định; phần còn lại (nếu có) nộp ngân sách nhà nước	Xây dựng dự toán ngân sách cấp xã đảm bảo dự phòng ngân sách đạt 2% tổng chi ngân sách cấp xã (bao gồm chi bổ sung có mục tiêu từ ngân sách cấp trên)	Chi hỗ trợ hoạt động thường xuyên cho các đơn vị thuộc cấp tỉnh quản lý đóng trên địa bàn	Uỷ ban nhân dân cấp xã	Cơ quan cấp trên	50 / 60
31/08/2026 15:36:45	Vũ Nhật Anh	Phó Chủ tịch HĐND	Xã Duy Nghĩa	Thu từ quỹ phòng, chống thiên tai được phân bổ cho Uỷ ban nhân dân cấp xã	Phí thu từ các hoạt động dịch vụ do cơ quan nhà nước cấp xã thực hiện phải nộp vào ngân sách nhà nước, trường hợp được khoán chi phí hoạt động từ nguồn thu phí thì được khấu trừ theo tỷ lệ xác định quy định; phần còn lại (nếu có) nộp ngân sách nhà nước	Xây dựng dự toán ngân sách cấp xã đảm bảo dự phòng ngân sách đạt 2% tổng chi ngân sách cấp xã (bao gồm chi bổ sung có mục tiêu từ ngân sách cấp trên)	Chi hỗ trợ hoạt động thường xuyên cho các đơn vị thuộc cấp tỉnh quản lý đóng trên địa bàn	Hội đồng nhân dân cấp xã	Kho bạc nhà nước	40 / 60
31/08/2026 15:37:30	Hoàng Nhật Anh	Công chức Tài chính - Kế toán	Xã Nam Phước	Thu từ quỹ phòng, chống thiên tai được phân bổ cho Uỷ ban nhân dân cấp xã	Phí thu từ các hoạt động dịch vụ do cơ quan nhà nước cấp xã thực hiện phải nộp vào ngân sách nhà nước, trường hợp được khoán chi phí hoạt động từ nguồn thu phí thì được khấu trừ theo tỷ lệ xác định quy định; phần còn lại (nếu có) nộp ngân sách nhà nước	Xây dựng dự toán ngân sách cấp xã đảm bảo dự phòng ngân sách đạt 2% tổng chi ngân sách cấp xã (bao gồm chi bổ sung có mục tiêu từ ngân sách cấp trên)	Chi hỗ trợ hoạt động thường xuyên cho các đơn vị thuộc cấp tỉnh quản lý đóng trên địa bàn	Thường trực Hội đồng nhân dân cấp xã	Thanh tra tài chính	40 / 60
31/08/2026 15:38:15	Phan Nhật Anh	Chuyên viên	Xã Duy Xuyên	Thu từ quỹ phòng, chống thiên tai được phân bổ cho Uỷ ban nhân dân cấp xã	Phí thu từ các hoạt động dịch vụ do cơ quan nhà nước cấp xã thực hiện phải nộp vào ngân sách nhà nước, trường hợp được khoán chi phí hoạt động từ nguồn thu phí thì được khấu trừ theo tỷ lệ xác định quy định; phần còn lại (nếu có) nộp ngân sách nhà nước	Xây dựng dự toán ngân sách cấp xã đảm bảo dự phòng ngân sách đạt 2% tổng chi ngân sách cấp xã (bao gồm chi bổ sung có mục tiêu từ ngân sách cấp trên)	Chi hỗ trợ hoạt động thường xuyên cho các đơn vị thuộc cấp tỉnh quản lý đóng trên địa bàn	Cơ quan tài chính cấp xã	Cơ quan tài chính cấp xã	50 / 60
31/08/2026 15:39:00	Bùi Nhật Anh	Kế toán trưởng	Xã Thu Bồn	Thu từ quỹ phòng, chống thiên tai được phân bổ cho Uỷ ban nhân dân cấp xã	Phí thu từ các hoạt động dịch vụ do cơ quan nhà nước cấp xã thực hiện phải nộp vào ngân sách nhà nước, trường hợp được khoán chi phí hoạt động từ nguồn thu phí thì được khấu trừ theo tỷ lệ xác định quy định; phần còn lại (nếu có) nộp ngân sách nhà nước	Xây dựng dự toán ngân sách cấp xã đảm bảo dự phòng ngân sách đạt 2% tổng chi ngân sách cấp xã (bao gồm chi bổ sung có mục tiêu từ ngân sách cấp trên)	Chi hỗ trợ hoạt động thường xuyên cho các đơn vị thuộc cấp tỉnh quản lý đóng trên địa bàn	Uỷ ban nhân dân cấp xã	Cơ quan cấp trên	50 / 60
31/08/2026 15:39:45	Đặng Nhật Anh	Phó Chủ tịch UBND	Xã Điện Bàn Tây	Thu từ quỹ phòng, chống thiên tai được phân bổ cho Uỷ ban nhân dân cấp xã	Phí thu từ các hoạt động dịch vụ do cơ quan nhà nước cấp xã thực hiện phải nộp vào ngân sách nhà nước, trường hợp được khoán chi phí hoạt động từ nguồn thu phí thì được khấu trừ theo tỷ lệ xác định quy định; phần còn lại (nếu có) nộp ngân sách nhà nước	Xây dựng dự toán ngân sách cấp xã đảm bảo dự phòng ngân sách đạt 2% tổng chi ngân sách cấp xã (bao gồm chi bổ sung có mục tiêu từ ngân sách cấp trên)	Chi hỗ trợ hoạt động thường xuyên cho các đơn vị thuộc cấp tỉnh quản lý đóng trên địa bàn	Hội đồng nhân dân cấp xã	Kho bạc nhà nước	40 / 60
31/08/2026 15:40:30	Đỗ Nhật Anh	Chủ tịch UBND	Xã Gò Nổi	Thu từ quỹ phòng, chống thiên tai được phân bổ cho Uỷ ban nhân dân cấp xã	Phí thu từ các hoạt động dịch vụ do cơ quan nhà nước cấp xã thực hiện phải nộp vào ngân sách nhà nước, trường hợp được khoán chi phí hoạt động từ nguồn thu phí thì được khấu trừ theo tỷ lệ xác định quy định; phần còn lại (nếu có) nộp ngân sách nhà nước	Xây dựng dự toán ngân sách cấp xã đảm bảo dự phòng ngân sách đạt 2% tổng chi ngân sách cấp xã (bao gồm chi bổ sung có mục tiêu từ ngân sách cấp trên)	Chi hỗ trợ hoạt động thường xuyên cho các đơn vị thuộc cấp tỉnh quản lý đóng trên địa bàn	Thường trực Hội đồng nhân dân cấp xã	Thanh tra tài chính	40 / 60
31/08/2026 15:41:15	Hồ Nhật Anh	Trưởng phòng Tài chính	Xã Tân Hiệp	Thu từ quỹ phòng, chống thiên tai được phân bổ cho Uỷ ban nhân dân cấp xã	Phí thu từ các hoạt động dịch vụ do cơ quan nhà nước cấp xã thực hiện phải nộp vào ngân sách nhà nước, trường hợp được khoán chi phí hoạt động từ nguồn thu phí thì được khấu trừ theo tỷ lệ xác định quy định; phần còn lại (nếu có) nộp ngân sách nhà nước	Xây dựng dự toán ngân sách cấp xã đảm bảo dự phòng ngân sách đạt 2% tổng chi ngân sách cấp xã (bao gồm chi bổ sung có mục tiêu từ ngân sách cấp trên)	Chi hỗ trợ hoạt động thường xuyên cho các đơn vị thuộc cấp tỉnh quản lý đóng trên địa bàn	Cơ quan tài chính cấp xã	Cơ quan tài chính cấp xã	50 / 60
31/08/2026 15:42:00	Ngo Nhật Anh	Phó Trưởng phòng Tài chính	Xã Đại Lộc	Thu từ quỹ phòng, chống thiên tai được phân bổ cho Uỷ ban nhân dân cấp xã	Phí thu từ các hoạt động dịch vụ do cơ quan nhà nước cấp xã thực hiện phải nộp vào ngân sách nhà nước, trường hợp được khoán chi phí hoạt động từ nguồn thu phí thì được khấu trừ theo tỷ lệ xác định quy định; phần còn lại (nếu có) nộp ngân sách nhà nước	Xây dựng dự toán ngân sách cấp xã đảm bảo dự phòng ngân sách đạt 2% tổng chi ngân sách cấp xã (bao gồm chi bổ sung có mục tiêu từ ngân sách cấp trên)	Chi hỗ trợ hoạt động thường xuyên cho các đơn vị thuộc cấp tỉnh quản lý đóng trên địa bàn	Uỷ ban nhân dân cấp xã	Cơ quan cấp trên	50 / 60
31/08/2026 15:42:45	Dương Nhật Anh	Công chức Văn phòng - Thống kê	Xã Hà Nha	Thu từ quỹ phòng, chống thiên tai được phân bổ cho Uỷ ban nhân dân cấp xã	Phí thu từ các hoạt động dịch vụ do cơ quan nhà nước cấp xã thực hiện phải nộp vào ngân sách nhà nước, trường hợp được khoán chi phí hoạt động từ nguồn thu phí thì được khấu trừ theo tỷ lệ xác định quy định; phần còn lại (nếu có) nộp ngân sách nhà nước	Xây dựng dự toán ngân sách cấp xã đảm bảo dự phòng ngân sách đạt 2% tổng chi ngân sách cấp xã (bao gồm chi bổ sung có mục tiêu từ ngân sách cấp trên)	Chi hỗ trợ hoạt động thường xuyên cho các đơn vị thuộc cấp tỉnh quản lý đóng trên địa bàn	Hội đồng nhân dân cấp xã	Kho bạc nhà nước	40 / 60
31/08/2026 15:43:30	Đinh Nhật Anh	Công chức Địa chính - Xây dựng	Xã Thượng Đức	Thu từ quỹ phòng, chống thiên tai được phân bổ cho Uỷ ban nhân dân cấp xã	Phí thu từ các hoạt động dịch vụ do cơ quan nhà nước cấp xã thực hiện phải nộp vào ngân sách nhà nước, trường hợp được khoán chi phí hoạt động từ nguồn thu phí thì được khấu trừ theo tỷ lệ xác định quy định; phần còn lại (nếu có) nộp ngân sách nhà nước	Xây dựng dự toán ngân sách cấp xã đảm bảo dự phòng ngân sách đạt 2% tổng chi ngân sách cấp xã (bao gồm chi bổ sung có mục tiêu từ ngân sách cấp trên)	Chi hỗ trợ hoạt động thường xuyên cho các đơn vị thuộc cấp tỉnh quản lý đóng trên địa bàn	Thường trực Hội đồng nhân dân cấp xã	Thanh tra tài chính	40 / 60
31/08/2026 15:44:15	Trương Nhật Anh	Phó Chủ tịch HĐND	Xã Vu Gia	Thu từ quỹ phòng, chống thiên tai được phân bổ cho Uỷ ban nhân dân cấp xã	Phí thu từ các hoạt động dịch vụ do cơ quan nhà nước cấp xã thực hiện phải nộp vào ngân sách nhà nước, trường hợp được khoán chi phí hoạt động từ nguồn thu phí thì được khấu trừ theo tỷ lệ xác định quy định; phần còn lại (nếu có) nộp ngân sách nhà nước	Xây dựng dự toán ngân sách cấp xã đảm bảo dự phòng ngân sách đạt 2% tổng chi ngân sách cấp xã (bao gồm chi bổ sung có mục tiêu từ ngân sách cấp trên)	Chi hỗ trợ hoạt động thường xuyên cho các đơn vị thuộc cấp tỉnh quản lý đóng trên địa bàn	Cơ quan tài chính cấp xã	Cơ quan tài chính cấp xã	50 / 60
31/08/2026 15:45:00	Nguyễn Thanh Anh	Công chức Tài chính - Kế toán	Xã Phú Thuận	Thu từ quỹ phòng, chống thiên tai được phân bổ cho Uỷ ban nhân dân cấp xã	Phí thu từ các hoạt động dịch vụ do cơ quan nhà nước cấp xã thực hiện phải nộp vào ngân sách nhà nước, trường hợp được khoán chi phí hoạt động từ nguồn thu phí thì được khấu trừ theo tỷ lệ xác định quy định; phần còn lại (nếu có) nộp ngân sách nhà nước	Xây dựng dự toán ngân sách cấp xã đảm bảo dự phòng ngân sách đạt 2% tổng chi ngân sách cấp xã (bao gồm chi bổ sung có mục tiêu từ ngân sách cấp trên)	Chi hỗ trợ hoạt động thường xuyên cho các đơn vị thuộc cấp tỉnh quản lý đóng trên địa bàn	Uỷ ban nhân dân cấp xã	Cơ quan cấp trên	50 / 60
31/08/2026 15:45:45	Trần Thanh Anh	Chuyên viên	Xã Thạnh Mỹ	Thu từ quỹ phòng, chống thiên tai được phân bổ cho Uỷ ban nhân dân cấp xã	Phí thu từ các hoạt động dịch vụ do cơ quan nhà nước cấp xã thực hiện phải nộp vào ngân sách nhà nước, trường hợp được khoán chi phí hoạt động từ nguồn thu phí thì được khấu trừ theo tỷ lệ xác định quy định; phần còn lại (nếu có) nộp ngân sách nhà nước	Xây dựng dự toán ngân sách cấp xã đảm bảo dự phòng ngân sách đạt 2% tổng chi ngân sách cấp xã (bao gồm chi bổ sung có mục tiêu từ ngân sách cấp trên)	Chi hỗ trợ hoạt động thường xuyên cho các đơn vị thuộc cấp tỉnh quản lý đóng trên địa bàn	Hội đồng nhân dân cấp xã	Kho bạc nhà nước	40 / 60
31/08/2026 15:46:30	Lê Thanh Anh	Kế toán trưởng	Xã Bến Giằng	Thu từ quỹ phòng, chống thiên tai được phân bổ cho Uỷ ban nhân dân cấp xã	Phí thu từ các hoạt động dịch vụ do cơ quan nhà nước cấp xã thực hiện phải nộp vào ngân sách nhà nước, trường hợp được khoán chi phí hoạt động từ nguồn thu phí thì được khấu trừ theo tỷ lệ xác định quy định; phần còn lại (nếu có) nộp ngân sách nhà nước	Xây dựng dự toán ngân sách cấp xã đảm bảo dự phòng ngân sách đạt 2% tổng chi ngân sách cấp xã (bao gồm chi bổ sung có mục tiêu từ ngân sách cấp trên)	Chi hỗ trợ hoạt động thường xuyên cho các đơn vị thuộc cấp tỉnh quản lý đóng trên địa bàn	Thường trực Hội đồng nhân dân cấp xã	Thanh tra tài chính	40 / 60
31/08/2026 15:47:15	Phạm Thanh Anh	Phó Chủ tịch UBND	Xã Nam Giang	Thu từ quỹ phòng, chống thiên tai được phân bổ cho Uỷ ban nhân dân cấp xã	Phí thu từ các hoạt động dịch vụ do cơ quan nhà nước cấp xã thực hiện phải nộp vào ngân sách nhà nước, trường hợp được khoán chi phí hoạt động từ nguồn thu phí thì được khấu trừ theo tỷ lệ xác định quy định; phần còn lại (nếu có) nộp ngân sách nhà nước	Xây dựng dự toán ngân sách cấp xã đảm bảo dự phòng ngân sách đạt 2% tổng chi ngân sách cấp xã (bao gồm chi bổ sung có mục tiêu từ ngân sách cấp trên)	Chi hỗ trợ hoạt động thường xuyên cho các đơn vị thuộc cấp tỉnh quản lý đóng trên địa bàn	Cơ quan tài chính cấp xã	Cơ quan tài chính cấp xã	50 / 60
31/08/2026 15:48:00	Vũ Thanh Anh	Chủ tịch UBND	Xã Đắc Pring	Thu từ quỹ phòng, chống thiên tai được phân bổ cho Uỷ ban nhân dân cấp xã	Phí thu từ các hoạt động dịch vụ do cơ quan nhà nước cấp xã thực hiện phải nộp vào ngân sách nhà nước, trường hợp được khoán chi phí hoạt động từ nguồn thu phí thì được khấu trừ theo tỷ lệ xác định quy định; phần còn lại (nếu có) nộp ngân sách nhà nước	Xây dựng dự toán ngân sách cấp xã đảm bảo dự phòng ngân sách đạt 2% tổng chi ngân sách cấp xã (bao gồm chi bổ sung có mục tiêu từ ngân sách cấp trên)	Chi hỗ trợ hoạt động thường xuyên cho các đơn vị thuộc cấp tỉnh quản lý đóng trên địa bàn	Uỷ ban nhân dân cấp xã	Cơ quan cấp trên	50 / 60
31/08/2026 15:48:45	Hoàng Thanh Anh	Trưởng phòng Tài chính	Xã La Dêê	Thu từ quỹ phòng, chống thiên tai được phân bổ cho Uỷ ban nhân dân cấp xã	Phí thu từ các hoạt động dịch vụ do cơ quan nhà nước cấp xã thực hiện phải nộp vào ngân sách nhà nước, trường hợp được khoán chi phí hoạt động từ nguồn thu phí thì được khấu trừ theo tỷ lệ xác định quy định; phần còn lại (nếu có) nộp ngân sách nhà nước	Xây dựng dự toán ngân sách cấp xã đảm bảo dự phòng ngân sách đạt 2% tổng chi ngân sách cấp xã (bao gồm chi bổ sung có mục tiêu từ ngân sách cấp trên)	Chi hỗ trợ hoạt động thường xuyên cho các đơn vị thuộc cấp tỉnh quản lý đóng trên địa bàn	Hội đồng nhân dân cấp xã	Kho bạc nhà nước	40 / 60
31/08/2026 15:49:30	Phan Thanh Anh	Phó Trưởng phòng Tài chính	Xã La Êê	Thu từ quỹ phòng, chống thiên tai được phân bổ cho Uỷ ban nhân dân cấp xã	Phí thu từ các hoạt động dịch vụ do cơ quan nhà nước cấp xã thực hiện phải nộp vào ngân sách nhà nước, trường hợp được khoán chi phí hoạt động từ nguồn thu phí thì được khấu trừ theo tỷ lệ xác định quy định; phần còn lại (nếu có) nộp ngân sách nhà nước	Xây dựng dự toán ngân sách cấp xã đảm bảo dự phòng ngân sách đạt 2% tổng chi ngân sách cấp xã (bao gồm chi bổ sung có mục tiêu từ ngân sách cấp trên)	Chi hỗ trợ hoạt động thường xuyên cho các đơn vị thuộc cấp tỉnh quản lý đóng trên địa bàn	Thường trực Hội đồng nhân dân cấp xã	Thanh tra tài chính	40 / 60
31/08/2026 15:50:15	Bùi Thanh Anh	Công chức Văn phòng - Thống kê	Xã Sông Vàng	Thu từ quỹ phòng, chống thiên tai được phân bổ cho Uỷ ban nhân dân cấp xã	Phí thu từ các hoạt động dịch vụ do cơ quan nhà nước cấp xã thực hiện phải nộp vào ngân sách nhà nước, trường hợp được khoán chi phí hoạt động từ nguồn thu phí thì được khấu trừ theo tỷ lệ xác định quy định; phần còn lại (nếu có) nộp ngân sách nhà nước	Xây dựng dự toán ngân sách cấp xã đảm bảo dự phòng ngân sách đạt 2% tổng chi ngân sách cấp xã (bao gồm chi bổ sung có mục tiêu từ ngân sách cấp trên)	Chi hỗ trợ hoạt động thường xuyên cho các đơn vị thuộc cấp tỉnh quản lý đóng trên địa bàn	Cơ quan tài chính cấp xã	Cơ quan tài chính cấp xã	50 / 60
31/08/2026 15:51:00	Đặng Thanh Anh	Công chức Địa chính - Xây dựng	Xã Sông Kôn	Thu từ quỹ phòng, chống thiên tai được phân bổ cho Uỷ ban nhân dân cấp xã	Phí thu từ các hoạt động dịch vụ do cơ quan nhà nước cấp xã thực hiện phải nộp vào ngân sách nhà nước, trường hợp được khoán chi phí hoạt động từ nguồn thu phí thì được khấu trừ theo tỷ lệ xác định quy định; phần còn lại (nếu có) nộp ngân sách nhà nước	Xây dựng dự toán ngân sách cấp xã đảm bảo dự phòng ngân sách đạt 2% tổng chi ngân sách cấp xã (bao gồm chi bổ sung có mục tiêu từ ngân sách cấp trên)	Chi hỗ trợ hoạt động thường xuyên cho các đơn vị thuộc cấp tỉnh quản lý đóng trên địa bàn	Uỷ ban nhân dân cấp xã	Cơ quan cấp trên	50 / 60
31/08/2026 15:51:45	Đỗ Thanh Anh	Phó Chủ tịch HĐND	Xã Đông Giang	Thu từ quỹ phòng, chống thiên tai được phân bổ cho Uỷ ban nhân dân cấp xã	Phí thu từ các hoạt động dịch vụ do cơ quan nhà nước cấp xã thực hiện phải nộp vào ngân sách nhà nước, trường hợp được khoán chi phí hoạt động từ nguồn thu phí thì được khấu trừ theo tỷ lệ xác định quy định; phần còn lại (nếu có) nộp ngân sách nhà nước	Xây dựng dự toán ngân sách cấp xã đảm bảo dự phòng ngân sách đạt 2% tổng chi ngân sách cấp xã (bao gồm chi bổ sung có mục tiêu từ ngân sách cấp trên)	Chi hỗ trợ hoạt động thường xuyên cho các đơn vị thuộc cấp tỉnh quản lý đóng trên địa bàn	Hội đồng nhân dân cấp xã	Kho bạc nhà nước	40 / 60
31/08/2026 15:52:30	Hồ Thanh Anh	Công chức Tài chính - Kế toán	Xã Avương	Thu từ quỹ phòng, chống thiên tai được phân bổ cho Uỷ ban nhân dân cấp xã	Phí thu từ các hoạt động dịch vụ do cơ quan nhà nước cấp xã thực hiện phải nộp vào ngân sách nhà nước, trường hợp được khoán chi phí hoạt động từ nguồn thu phí thì được khấu trừ theo tỷ lệ xác định quy định; phần còn lại (nếu có) nộp ngân sách nhà nước	Xây dựng dự toán ngân sách cấp xã đảm bảo dự phòng ngân sách đạt 2% tổng chi ngân sách cấp xã (bao gồm chi bổ sung có mục tiêu từ ngân sách cấp trên)	Chi hỗ trợ hoạt động thường xuyên cho các đơn vị thuộc cấp tỉnh quản lý đóng trên địa bàn	Thường trực Hội đồng nhân dân cấp xã	Thanh tra tài chính	40 / 60
31/08/2026 15:53:15	Ngo Thanh Anh	Chuyên viên	Xã Tây Giang	Thu từ quỹ phòng, chống thiên tai được phân bổ cho Uỷ ban nhân dân cấp xã	Phí thu từ các hoạt động dịch vụ do cơ quan nhà nước cấp xã thực hiện phải nộp vào ngân sách nhà nước, trường hợp được khoán chi phí hoạt động từ nguồn thu phí thì được khấu trừ theo tỷ lệ xác định quy định; phần còn lại (nếu có) nộp ngân sách nhà nước	Xây dựng dự toán ngân sách cấp xã đảm bảo dự phòng ngân sách đạt 2% tổng chi ngân sách cấp xã (bao gồm chi bổ sung có mục tiêu từ ngân sách cấp trên)	Chi hỗ trợ hoạt động thường xuyên cho các đơn vị thuộc cấp tỉnh quản lý đóng trên địa bàn	Cơ quan tài chính cấp xã	Cơ quan tài chính cấp xã	50 / 60
31/08/2026 15:54:00	Dương Thanh Anh	Kế toán trưởng	Xã Hiệp Đức	Thu từ quỹ phòng, chống thiên tai được phân bổ cho Uỷ ban nhân dân cấp xã	Phí thu từ các hoạt động dịch vụ do cơ quan nhà nước cấp xã thực hiện phải nộp vào ngân sách nhà nước, trường hợp được khoán chi phí hoạt động từ nguồn thu phí thì được khấu trừ theo tỷ lệ xác định quy định; phần còn lại (nếu có) nộp ngân sách nhà nước	Xây dựng dự toán ngân sách cấp xã đảm bảo dự phòng ngân sách đạt 2% tổng chi ngân sách cấp xã (bao gồm chi bổ sung có mục tiêu từ ngân sách cấp trên)	Chi hỗ trợ hoạt động thường xuyên cho các đơn vị thuộc cấp tỉnh quản lý đóng trên địa bàn	Uỷ ban nhân dân cấp xã	Cơ quan cấp trên	50 / 60
31/08/2026 15:54:45	Đinh Thanh Anh	Phó Chủ tịch UBND	Xã Việt An	Thu từ quỹ phòng, chống thiên tai được phân bổ cho Uỷ ban nhân dân cấp xã	Phí thu từ các hoạt động dịch vụ do cơ quan nhà nước cấp xã thực hiện phải nộp vào ngân sách nhà nước, trường hợp được khoán chi phí hoạt động từ nguồn thu phí thì được khấu trừ theo tỷ lệ xác định quy định; phần còn lại (nếu có) nộp ngân sách nhà nước	Xây dựng dự toán ngân sách cấp xã đảm bảo dự phòng ngân sách đạt 2% tổng chi ngân sách cấp xã (bao gồm chi bổ sung có mục tiêu từ ngân sách cấp trên)	Chi hỗ trợ hoạt động thường xuyên cho các đơn vị thuộc cấp tỉnh quản lý đóng trên địa bàn	Hội đồng nhân dân cấp xã	Kho bạc nhà nước	40 / 60
31/08/2026 15:55:30	Trương Thanh Anh	Chủ tịch UBND	Xã Phước Trà	Thu từ quỹ phòng, chống thiên tai được phân bổ cho Uỷ ban nhân dân cấp xã	Phí thu từ các hoạt động dịch vụ do cơ quan nhà nước cấp xã thực hiện phải nộp vào ngân sách nhà nước, trường hợp được khoán chi phí hoạt động từ nguồn thu phí thì được khấu trừ theo tỷ lệ xác định quy định; phần còn lại (nếu có) nộp ngân sách nhà nước	Xây dựng dự toán ngân sách cấp xã đảm bảo dự phòng ngân sách đạt 2% tổng chi ngân sách cấp xã (bao gồm chi bổ sung có mục tiêu từ ngân sách cấp trên)	Chi hỗ trợ hoạt động thường xuyên cho các đơn vị thuộc cấp tỉnh quản lý đóng trên địa bàn	Thường trực Hội đồng nhân dân cấp xã	Thanh tra tài chính	40 / 60
31/08/2026 15:56:15	Nguyễn Hoài Anh	Trưởng phòng Tài chính	Xã Khâm Đức	Thu từ quỹ phòng, chống thiên tai được phân bổ cho Uỷ ban nhân dân cấp xã	Phí thu từ các hoạt động dịch vụ do cơ quan nhà nước cấp xã thực hiện phải nộp vào ngân sách nhà nước, trường hợp được khoán chi phí hoạt động từ nguồn thu phí thì được khấu trừ theo tỷ lệ xác định quy định; phần còn lại (nếu có) nộp ngân sách nhà nước	Xây dựng dự toán ngân sách cấp xã đảm bảo dự phòng ngân sách đạt 2% tổng chi ngân sách cấp xã (bao gồm chi bổ sung có mục tiêu từ ngân sách cấp trên)	Chi hỗ trợ hoạt động thường xuyên cho các đơn vị thuộc cấp tỉnh quản lý đóng trên địa bàn	Cơ quan tài chính cấp xã	Cơ quan tài chính cấp xã	50 / 60
31/08/2026 15:57:00	Trần Hoài Anh	Phó Trưởng phòng Tài chính	Xã Phước Năng	Thu từ quỹ phòng, chống thiên tai được phân bổ cho Uỷ ban nhân dân cấp xã	Phí thu từ các hoạt động dịch vụ do cơ quan nhà nước cấp xã thực hiện phải nộp vào ngân sách nhà nước, trường hợp được khoán chi phí hoạt động từ nguồn thu phí thì được khấu trừ theo tỷ lệ xác định quy định; phần còn lại (nếu có) nộp ngân sách nhà nước	Xây dựng dự toán ngân sách cấp xã đảm bảo dự phòng ngân sách đạt 2% tổng chi ngân sách cấp xã (bao gồm chi bổ sung có mục tiêu từ ngân sách cấp trên)	Chi hỗ trợ hoạt động thường xuyên cho các đơn vị thuộc cấp tỉnh quản lý đóng trên địa bàn	Uỷ ban nhân dân cấp xã	Cơ quan cấp trên	50 / 60
31/08/2026 15:57:45	Lê Hoài Anh	Công chức Văn phòng - Thống kê	Xã Phước Chánh	Thu từ quỹ phòng, chống thiên tai được phân bổ cho Uỷ ban nhân dân cấp xã	Phí thu từ các hoạt động dịch vụ do cơ quan nhà nước cấp xã thực hiện phải nộp vào ngân sách nhà nước, trường hợp được khoán chi phí hoạt động từ nguồn thu phí thì được khấu trừ theo tỷ lệ xác định quy định; phần còn lại (nếu có) nộp ngân sách nhà nước	Xây dựng dự toán ngân sách cấp xã đảm bảo dự phòng ngân sách đạt 2% tổng chi ngân sách cấp xã (bao gồm chi bổ sung có mục tiêu từ ngân sách cấp trên)	Chi hỗ trợ hoạt động thường xuyên cho các đơn vị thuộc cấp tỉnh quản lý đóng trên địa bàn	Hội đồng nhân dân cấp xã	Kho bạc nhà nước	40 / 60
31/08/2026 15:58:30	Phạm Hoài Anh	Công chức Địa chính - Xây dựng	Xã Phước Thành	Thu từ quỹ phòng, chống thiên tai được phân bổ cho Uỷ ban nhân dân cấp xã	Phí thu từ các hoạt động dịch vụ do cơ quan nhà nước cấp xã thực hiện phải nộp vào ngân sách nhà nước, trường hợp được khoán chi phí hoạt động từ nguồn thu phí thì được khấu trừ theo tỷ lệ xác định quy định; phần còn lại (nếu có) nộp ngân sách nhà nước	Xây dựng dự toán ngân sách cấp xã đảm bảo dự phòng ngân sách đạt 2% tổng chi ngân sách cấp xã (bao gồm chi bổ sung có mục tiêu từ ngân sách cấp trên)	Chi hỗ trợ hoạt động thường xuyên cho các đơn vị thuộc cấp tỉnh quản lý đóng trên địa bàn	Thường trực Hội đồng nhân dân cấp xã	Thanh tra tài chính	40 / 60
31/08/2026 15:59:15	Vũ Hoài Anh	Phó Chủ tịch HĐND	Xã Phước Hiệp	Thu từ quỹ phòng, chống thiên tai được phân bổ cho Uỷ ban nhân dân cấp xã	Phí thu từ các hoạt động dịch vụ do cơ quan nhà nước cấp xã thực hiện phải nộp vào ngân sách nhà nước, trường hợp được khoán chi phí hoạt động từ nguồn thu phí thì được khấu trừ theo tỷ lệ xác định quy định; phần còn lại (nếu có) nộp ngân sách nhà nước	Xây dựng dự toán ngân sách cấp xã đảm bảo dự phòng ngân sách đạt 2% tổng chi ngân sách cấp xã (bao gồm chi bổ sung có mục tiêu từ ngân sách cấp trên)	Chi hỗ trợ hoạt động thường xuyên cho các đơn vị thuộc cấp tỉnh quản lý đóng trên địa bàn	Cơ quan tài chính cấp xã	Cơ quan tài chính cấp xã	50 / 60
31/08/2026 16:00:00	Hoàng Hoài Anh	Công chức Tài chính - Kế toán	Xã Lãnh Ngọc	Thu từ quỹ phòng, chống thiên tai được phân bổ cho Uỷ ban nhân dân cấp xã	Phí thu từ các hoạt động dịch vụ do cơ quan nhà nước cấp xã thực hiện phải nộp vào ngân sách nhà nước, trường hợp được khoán chi phí hoạt động từ nguồn thu phí thì được khấu trừ theo tỷ lệ xác định quy định; phần còn lại (nếu có) nộp ngân sách nhà nước	Xây dựng dự toán ngân sách cấp xã đảm bảo dự phòng ngân sách đạt 2% tổng chi ngân sách cấp xã (bao gồm chi bổ sung có mục tiêu từ ngân sách cấp trên)	Chi hỗ trợ hoạt động thường xuyên cho các đơn vị thuộc cấp tỉnh quản lý đóng trên địa bàn	Uỷ ban nhân dân cấp xã	Cơ quan cấp trên	50 / 60
31/08/2026 16:00:45	Phan Hoài Anh	Chuyên viên	Sở Tài chính	Thu từ quỹ phòng, chống thiên tai được phân bổ cho Uỷ ban nhân dân cấp xã	Phí thu từ các hoạt động dịch vụ do cơ quan nhà nước cấp xã thực hiện phải nộp vào ngân sách nhà nước, trường hợp được khoán chi phí hoạt động từ nguồn thu phí thì được khấu trừ theo tỷ lệ xác định quy định; phần còn lại (nếu có) nộp ngân sách nhà nước	Xây dựng dự toán ngân sách cấp xã đảm bảo dự phòng ngân sách đạt 2% tổng chi ngân sách cấp xã (bao gồm chi bổ sung có mục tiêu từ ngân sách cấp trên)	Chi hỗ trợ hoạt động thường xuyên cho các đơn vị thuộc cấp tỉnh quản lý đóng trên địa bàn	Hội đồng nhân dân cấp xã	Kho bạc nhà nước	40 / 60
31/08/2026 16:01:30	Bùi Hoài Anh	Kế toán trưởng	Phường Hải Châu	Thu từ quỹ phòng, chống thiên tai được phân bổ cho Uỷ ban nhân dân cấp xã	Phí thu từ các hoạt động dịch vụ do cơ quan nhà nước cấp xã thực hiện phải nộp vào ngân sách nhà nước, trường hợp được khoán chi phí hoạt động từ nguồn thu phí thì được khấu trừ theo tỷ lệ xác định quy định; phần còn lại (nếu có) nộp ngân sách nhà nước	Xây dựng dự toán ngân sách cấp xã đảm bảo dự phòng ngân sách đạt 2% tổng chi ngân sách cấp xã (bao gồm chi bổ sung có mục tiêu từ ngân sách cấp trên)	Chi hỗ trợ hoạt động thường xuyên cho các đơn vị thuộc cấp tỉnh quản lý đóng trên địa bàn	Thường trực Hội đồng nhân dân cấp xã	Thanh tra tài chính	40 / 60
31/08/2026 16:02:15	Đặng Hoài Anh	Phó Chủ tịch UBND	Phường Hòa Cường	Thu từ quỹ phòng, chống thiên tai được phân bổ cho Uỷ ban nhân dân cấp xã	Phí thu từ các hoạt động dịch vụ do cơ quan nhà nước cấp xã thực hiện phải nộp vào ngân sách nhà nước, trường hợp được khoán chi phí hoạt động từ nguồn thu phí thì được khấu trừ theo tỷ lệ xác định quy định; phần còn lại (nếu có) nộp ngân sách nhà nước	Xây dựng dự toán ngân sách cấp xã đảm bảo dự phòng ngân sách đạt 2% tổng chi ngân sách cấp xã (bao gồm chi bổ sung có mục tiêu từ ngân sách cấp trên)	Chi hỗ trợ hoạt động thường xuyên cho các đơn vị thuộc cấp tỉnh quản lý đóng trên địa bàn	Cơ quan tài chính cấp xã	Cơ quan tài chính cấp xã	50 / 60
31/08/2026 16:03:00	Đỗ Hoài Anh	Chủ tịch UBND	Phường Thanh Khê	Thu từ quỹ phòng, chống thiên tai được phân bổ cho Uỷ ban nhân dân cấp xã	Phí thu từ các hoạt động dịch vụ do cơ quan nhà nước cấp xã thực hiện phải nộp vào ngân sách nhà nước, trường hợp được khoán chi phí hoạt động từ nguồn thu phí thì được khấu trừ theo tỷ lệ xác định quy định; phần còn lại (nếu có) nộp ngân sách nhà nước	Xây dựng dự toán ngân sách cấp xã đảm bảo dự phòng ngân sách đạt 2% tổng chi ngân sách cấp xã (bao gồm chi bổ sung có mục tiêu từ ngân sách cấp trên)	Chi hỗ trợ hoạt động thường xuyên cho các đơn vị thuộc cấp tỉnh quản lý đóng trên địa bàn	Uỷ ban nhân dân cấp xã	Cơ quan cấp trên	50 / 60
31/08/2026 16:03:45	Hồ Hoài Anh	Trưởng phòng Tài chính	Phường An Khê	Thu từ quỹ phòng, chống thiên tai được phân bổ cho Uỷ ban nhân dân cấp xã	Phí thu từ các hoạt động dịch vụ do cơ quan nhà nước cấp xã thực hiện phải nộp vào ngân sách nhà nước, trường hợp được khoán chi phí hoạt động từ nguồn thu phí thì được khấu trừ theo tỷ lệ xác định quy định; phần còn lại (nếu có) nộp ngân sách nhà nước	Xây dựng dự toán ngân sách cấp xã đảm bảo dự phòng ngân sách đạt 2% tổng chi ngân sách cấp xã (bao gồm chi bổ sung có mục tiêu từ ngân sách cấp trên)	Chi hỗ trợ hoạt động thường xuyên cho các đơn vị thuộc cấp tỉnh quản lý đóng trên địa bàn	Hội đồng nhân dân cấp xã	Kho bạc nhà nước	40 / 60
31/08/2026 16:04:30	Ngo Hoài Anh	Phó Trưởng phòng Tài chính	Phường An Hải	Thu từ quỹ phòng, chống thiên tai được phân bổ cho Uỷ ban nhân dân cấp xã	Phí thu từ các hoạt động dịch vụ do cơ quan nhà nước cấp xã thực hiện phải nộp vào ngân sách nhà nước, trường hợp được khoán chi phí hoạt động từ nguồn thu phí thì được khấu trừ theo tỷ lệ xác định quy định; phần còn lại (nếu có) nộp ngân sách nhà nước	Xây dựng dự toán ngân sách cấp xã đảm bảo dự phòng ngân sách đạt 2% tổng chi ngân sách cấp xã (bao gồm chi bổ sung có mục tiêu từ ngân sách cấp trên)	Chi hỗ trợ hoạt động thường xuyên cho các đơn vị thuộc cấp tỉnh quản lý đóng trên địa bàn	Thường trực Hội đồng nhân dân cấp xã	Thanh tra tài chính	40 / 60
31/08/2026 16:05:15	Dương Hoài Anh	Công chức Văn phòng - Thống kê	Phường Sơn Trà	Thu từ quỹ phòng, chống thiên tai được phân bổ cho Uỷ ban nhân dân cấp xã	Phí thu từ các hoạt động dịch vụ do cơ quan nhà nước cấp xã thực hiện phải nộp vào ngân sách nhà nước, trường hợp được khoán chi phí hoạt động từ nguồn thu phí thì được khấu trừ theo tỷ lệ xác định quy định; phần còn lại (nếu có) nộp ngân sách nhà nước	Xây dựng dự toán ngân sách cấp xã đảm bảo dự phòng ngân sách đạt 2% tổng chi ngân sách cấp xã (bao gồm chi bổ sung có mục tiêu từ ngân sách cấp trên)	Chi hỗ trợ hoạt động thường xuyên cho các đơn vị thuộc cấp tỉnh quản lý đóng trên địa bàn	Cơ quan tài chính cấp xã	Cơ quan tài chính cấp xã	50 / 60
31/08/2026 16:06:00	Đinh Hoài Anh	Công chức Địa chính - Xây dựng	Phường Ngũ Hành Sơn	Thu từ quỹ phòng, chống thiên tai được phân bổ cho Uỷ ban nhân dân cấp xã	Phí thu từ các hoạt động dịch vụ do cơ quan nhà nước cấp xã thực hiện phải nộp vào ngân sách nhà nước, trường hợp được khoán chi phí hoạt động từ nguồn thu phí thì được khấu trừ theo tỷ lệ xác định quy định; phần còn lại (nếu có) nộp ngân sách nhà nước	Xây dựng dự toán ngân sách cấp xã đảm bảo dự phòng ngân sách đạt 2% tổng chi ngân sách cấp xã (bao gồm chi bổ sung có mục tiêu từ ngân sách cấp trên)	Chi hỗ trợ hoạt động thường xuyên cho các đơn vị thuộc cấp tỉnh quản lý đóng trên địa bàn	Uỷ ban nhân dân cấp xã	Cơ quan cấp trên	50 / 60
31/08/2026 16:06:45	Trương Hoài Anh	Phó Chủ tịch HĐND	Phường Hòa Khánh	Thu từ quỹ phòng, chống thiên tai được phân bổ cho Uỷ ban nhân dân cấp xã	Phí thu từ các hoạt động dịch vụ do cơ quan nhà nước cấp xã thực hiện phải nộp vào ngân sách nhà nước, trường hợp được khoán chi phí hoạt động từ nguồn thu phí thì được khấu trừ theo tỷ lệ xác định quy định; phần còn lại (nếu có) nộp ngân sách nhà nước	Xây dựng dự toán ngân sách cấp xã đảm bảo dự phòng ngân sách đạt 2% tổng chi ngân sách cấp xã (bao gồm chi bổ sung có mục tiêu từ ngân sách cấp trên)	Chi hỗ trợ hoạt động thường xuyên cho các đơn vị thuộc cấp tỉnh quản lý đóng trên địa bàn	Hội đồng nhân dân cấp xã	Kho bạc nhà nước	40 / 60
31/08/2026 16:07:30	Nguyễn Tuấn Anh	Công chức Tài chính - Kế toán	Phường Liên Chiểu	Thu từ quỹ phòng, chống thiên tai được phân bổ cho Uỷ ban nhân dân cấp xã	Phí thu từ các hoạt động dịch vụ do cơ quan nhà nước cấp xã thực hiện phải nộp vào ngân sách nhà nước, trường hợp được khoán chi phí hoạt động từ nguồn thu phí thì được khấu trừ theo tỷ lệ xác định quy định; phần còn lại (nếu có) nộp ngân sách nhà nước	Xây dựng dự toán ngân sách cấp xã đảm bảo dự phòng ngân sách đạt 2% tổng chi ngân sách cấp xã (bao gồm chi bổ sung có mục tiêu từ ngân sách cấp trên)	Chi hỗ trợ hoạt động thường xuyên cho các đơn vị thuộc cấp tỉnh quản lý đóng trên địa bàn	Thường trực Hội đồng nhân dân cấp xã	Thanh tra tài chính	40 / 60
31/08/2026 16:08:15	Trần Tuấn Anh	Chuyên viên	Phường Hải Vân	Thu từ quỹ phòng, chống thiên tai được phân bổ cho Uỷ ban nhân dân cấp xã	Phí thu từ các hoạt động dịch vụ do cơ quan nhà nước cấp xã thực hiện phải nộp vào ngân sách nhà nước, trường hợp được khoán chi phí hoạt động từ nguồn thu phí thì được khấu trừ theo tỷ lệ xác định quy định; phần còn lại (nếu có) nộp ngân sách nhà nước	Xây dựng dự toán ngân sách cấp xã đảm bảo dự phòng ngân sách đạt 2% tổng chi ngân sách cấp xã (bao gồm chi bổ sung có mục tiêu từ ngân sách cấp trên)	Chi hỗ trợ hoạt động thường xuyên cho các đơn vị thuộc cấp tỉnh quản lý đóng trên địa bàn	Cơ quan tài chính cấp xã	Cơ quan tài chính cấp xã	50 / 60
31/08/2026 16:09:00	Lê Tuấn Anh	Kế toán trưởng	Phường Tam Kỳ	Thu từ quỹ phòng, chống thiên tai được phân bổ cho Uỷ ban nhân dân cấp xã	Phí thu từ các hoạt động dịch vụ do cơ quan nhà nước cấp xã thực hiện phải nộp vào ngân sách nhà nước, trường hợp được khoán chi phí hoạt động từ nguồn thu phí thì được khấu trừ theo tỷ lệ xác định quy định; phần còn lại (nếu có) nộp ngân sách nhà nước	Xây dựng dự toán ngân sách cấp xã đảm bảo dự phòng ngân sách đạt 2% tổng chi ngân sách cấp xã (bao gồm chi bổ sung có mục tiêu từ ngân sách cấp trên)	Chi hỗ trợ hoạt động thường xuyên cho các đơn vị thuộc cấp tỉnh quản lý đóng trên địa bàn	Uỷ ban nhân dân cấp xã	Cơ quan cấp trên	50 / 60
31/08/2026 16:09:45	Phạm Tuấn Anh	Phó Chủ tịch UBND	Phường Quảng Phú	Thu từ quỹ phòng, chống thiên tai được phân bổ cho Uỷ ban nhân dân cấp xã	Phí thu từ các hoạt động dịch vụ do cơ quan nhà nước cấp xã thực hiện phải nộp vào ngân sách nhà nước, trường hợp được khoán chi phí hoạt động từ nguồn thu phí thì được khấu trừ theo tỷ lệ xác định quy định; phần còn lại (nếu có) nộp ngân sách nhà nước	Xây dựng dự toán ngân sách cấp xã đảm bảo dự phòng ngân sách đạt 2% tổng chi ngân sách cấp xã (bao gồm chi bổ sung có mục tiêu từ ngân sách cấp trên)	Chi hỗ trợ hoạt động thường xuyên cho các đơn vị thuộc cấp tỉnh quản lý đóng trên địa bàn	Hội đồng nhân dân cấp xã	Kho bạc nhà nước	40 / 60
31/08/2026 16:10:30	Vũ Tuấn Anh	Chủ tịch UBND	Phường Hương Trà	Thu từ quỹ phòng, chống thiên tai được phân bổ cho Uỷ ban nhân dân cấp xã	Phí thu từ các hoạt động dịch vụ do cơ quan nhà nước cấp xã thực hiện phải nộp vào ngân sách nhà nước, trường hợp được khoán chi phí hoạt động từ nguồn thu phí thì được khấu trừ theo tỷ lệ xác định quy định; phần còn lại (nếu có) nộp ngân sách nhà nước	Xây dựng dự toán ngân sách cấp xã đảm bảo dự phòng ngân sách đạt 2% tổng chi ngân sách cấp xã (bao gồm chi bổ sung có mục tiêu từ ngân sách cấp trên)	Chi hỗ trợ hoạt động thường xuyên cho các đơn vị thuộc cấp tỉnh quản lý đóng trên địa bàn	Thường trực Hội đồng nhân dân cấp xã	Thanh tra tài chính	40 / 60
31/08/2026 16:11:15	Hoàng Tuấn Anh	Trưởng phòng Tài chính	Phường Bàn Thạch	Thu từ quỹ phòng, chống thiên tai được phân bổ cho Uỷ ban nhân dân cấp xã	Phí thu từ các hoạt động dịch vụ do cơ quan nhà nước cấp xã thực hiện phải nộp vào ngân sách nhà nước, trường hợp được khoán chi phí hoạt động từ nguồn thu phí thì được khấu trừ theo tỷ lệ xác định quy định; phần còn lại (nếu có) nộp ngân sách nhà nước	Xây dựng dự toán ngân sách cấp xã đảm bảo dự phòng ngân sách đạt 2% tổng chi ngân sách cấp xã (bao gồm chi bổ sung có mục tiêu từ ngân sách cấp trên)	Chi hỗ trợ hoạt động thường xuyên cho các đơn vị thuộc cấp tỉnh quản lý đóng trên địa bàn	Cơ quan tài chính cấp xã	Cơ quan tài chính cấp xã	50 / 60
31/08/2026 16:12:00	Phan Tuấn Anh	Phó Trưởng phòng Tài chính	Phường Điện Bàn	Thu từ quỹ phòng, chống thiên tai được phân bổ cho Uỷ ban nhân dân cấp xã	Phí thu từ các hoạt động dịch vụ do cơ quan nhà nước cấp xã thực hiện phải nộp vào ngân sách nhà nước, trường hợp được khoán chi phí hoạt động từ nguồn thu phí thì được khấu trừ theo tỷ lệ xác định quy định; phần còn lại (nếu có) nộp ngân sách nhà nước	Xây dựng dự toán ngân sách cấp xã đảm bảo dự phòng ngân sách đạt 2% tổng chi ngân sách cấp xã (bao gồm chi bổ sung có mục tiêu từ ngân sách cấp trên)	Chi hỗ trợ hoạt động thường xuyên cho các đơn vị thuộc cấp tỉnh quản lý đóng trên địa bàn	Uỷ ban nhân dân cấp xã	Cơ quan cấp trên	50 / 60
31/08/2026 16:12:45	Bùi Tuấn Anh	Công chức Văn phòng - Thống kê	Phường Điện Bàn Đông	Thu từ quỹ phòng, chống thiên tai được phân bổ cho Uỷ ban nhân dân cấp xã	Phí thu từ các hoạt động dịch vụ do cơ quan nhà nước cấp xã thực hiện phải nộp vào ngân sách nhà nước, trường hợp được khoán chi phí hoạt động từ nguồn thu phí thì được khấu trừ theo tỷ lệ xác định quy định; phần còn lại (nếu có) nộp ngân sách nhà nước	Xây dựng dự toán ngân sách cấp xã đảm bảo dự phòng ngân sách đạt 2% tổng chi ngân sách cấp xã (bao gồm chi bổ sung có mục tiêu từ ngân sách cấp trên)	Chi hỗ trợ hoạt động thường xuyên cho các đơn vị thuộc cấp tỉnh quản lý đóng trên địa bàn	Hội đồng nhân dân cấp xã	Kho bạc nhà nước	40 / 60
31/08/2026 16:13:30	Đặng Tuấn Anh	Công chức Địa chính - Xây dựng	Phường An Thắng	Thu từ quỹ phòng, chống thiên tai được phân bổ cho Uỷ ban nhân dân cấp xã	Phí thu từ các hoạt động dịch vụ do cơ quan nhà nước cấp xã thực hiện phải nộp vào ngân sách nhà nước, trường hợp được khoán chi phí hoạt động từ nguồn thu phí thì được khấu trừ theo tỷ lệ xác định quy định; phần còn lại (nếu có) nộp ngân sách nhà nước	Xây dựng dự toán ngân sách cấp xã đảm bảo dự phòng ngân sách đạt 2% tổng chi ngân sách cấp xã (bao gồm chi bổ sung có mục tiêu từ ngân sách cấp trên)	Chi hỗ trợ hoạt động thường xuyên cho các đơn vị thuộc cấp tỉnh quản lý đóng trên địa bàn	Thường trực Hội đồng nhân dân cấp xã	Thanh tra tài chính	40 / 60
31/08/2026 16:14:15	Đỗ Tuấn Anh	Phó Chủ tịch HĐND	Phường Điện Bàn Bắc	Thu từ quỹ phòng, chống thiên tai được phân bổ cho Uỷ ban nhân dân cấp xã	Phí thu từ các hoạt động dịch vụ do cơ quan nhà nước cấp xã thực hiện phải nộp vào ngân sách nhà nước, trường hợp được khoán chi phí hoạt động từ nguồn thu phí thì được khấu trừ theo tỷ lệ xác định quy định; phần còn lại (nếu có) nộp ngân sách nhà nước	Xây dựng dự toán ngân sách cấp xã đảm bảo dự phòng ngân sách đạt 2% tổng chi ngân sách cấp xã (bao gồm chi bổ sung có mục tiêu từ ngân sách cấp trên)	Chi hỗ trợ hoạt động thường xuyên cho các đơn vị thuộc cấp tỉnh quản lý đóng trên địa bàn	Cơ quan tài chính cấp xã	Cơ quan tài chính cấp xã	50 / 60
31/08/2026 16:15:00	Hồ Tuấn Anh	Công chức Tài chính - Kế toán	Phường Hội An	Thu từ quỹ phòng, chống thiên tai được phân bổ cho Uỷ ban nhân dân cấp xã	Phí thu từ các hoạt động dịch vụ do cơ quan nhà nước cấp xã thực hiện phải nộp vào ngân sách nhà nước, trường hợp được khoán chi phí hoạt động từ nguồn thu phí thì được khấu trừ theo tỷ lệ xác định quy định; phần còn lại (nếu có) nộp ngân sách nhà nước	Xây dựng dự toán ngân sách cấp xã đảm bảo dự phòng ngân sách đạt 2% tổng chi ngân sách cấp xã (bao gồm chi bổ sung có mục tiêu từ ngân sách cấp trên)	Chi hỗ trợ hoạt động thường xuyên cho các đơn vị thuộc cấp tỉnh quản lý đóng trên địa bàn	Uỷ ban nhân dân cấp xã	Cơ quan cấp trên	50 / 60
31/08/2026 16:15:45	Ngo Tuấn Anh	Chuyên viên	Phường Hội An Đông	Thu từ quỹ phòng, chống thiên tai được phân bổ cho Uỷ ban nhân dân cấp xã	Phí thu từ các hoạt động dịch vụ do cơ quan nhà nước cấp xã thực hiện phải nộp vào ngân sách nhà nước, trường hợp được khoán chi phí hoạt động từ nguồn thu phí thì được khấu trừ theo tỷ lệ xác định quy định; phần còn lại (nếu có) nộp ngân sách nhà nước	Xây dựng dự toán ngân sách cấp xã đảm bảo dự phòng ngân sách đạt 2% tổng chi ngân sách cấp xã (bao gồm chi bổ sung có mục tiêu từ ngân sách cấp trên)	Chi hỗ trợ hoạt động thường xuyên cho các đơn vị thuộc cấp tỉnh quản lý đóng trên địa bàn	Hội đồng nhân dân cấp xã	Kho bạc nhà nước	40 / 60
31/08/2026 16:16:30	Dương Tuấn Anh	Kế toán trưởng	Phường Hội An Tây	Thu từ quỹ phòng, chống thiên tai được phân bổ cho Uỷ ban nhân dân cấp xã	Phí thu từ các hoạt động dịch vụ do cơ quan nhà nước cấp xã thực hiện phải nộp vào ngân sách nhà nước, trường hợp được khoán chi phí hoạt động từ nguồn thu phí thì được khấu trừ theo tỷ lệ xác định quy định; phần còn lại (nếu có) nộp ngân sách nhà nước	Xây dựng dự toán ngân sách cấp xã đảm bảo dự phòng ngân sách đạt 2% tổng chi ngân sách cấp xã (bao gồm chi bổ sung có mục tiêu từ ngân sách cấp trên)	Chi hỗ trợ hoạt động thường xuyên cho các đơn vị thuộc cấp tỉnh quản lý đóng trên địa bàn	Thường trực Hội đồng nhân dân cấp xã	Thanh tra tài chính	40 / 60
31/08/2026 16:17:15	Đinh Tuấn Anh	Phó Chủ tịch UBND	Xã Hòa Vang	Thu từ quỹ phòng, chống thiên tai được phân bổ cho Uỷ ban nhân dân cấp xã	Phí thu từ các hoạt động dịch vụ do cơ quan nhà nước cấp xã thực hiện phải nộp vào ngân sách nhà nước, trường hợp được khoán chi phí hoạt động từ nguồn thu phí thì được khấu trừ theo tỷ lệ xác định quy định; phần còn lại (nếu có) nộp ngân sách nhà nước	Xây dựng dự toán ngân sách cấp xã đảm bảo dự phòng ngân sách đạt 2% tổng chi ngân sách cấp xã (bao gồm chi bổ sung có mục tiêu từ ngân sách cấp trên)	Chi hỗ trợ hoạt động thường xuyên cho các đơn vị thuộc cấp tỉnh quản lý đóng trên địa bàn	Cơ quan tài chính cấp xã	Cơ quan tài chính cấp xã	50 / 60
31/08/2026 16:18:00	Trương Tuấn Anh	Chủ tịch UBND	Xã Hòa Tiến	Thu từ quỹ phòng, chống thiên tai được phân bổ cho Uỷ ban nhân dân cấp xã	Phí thu từ các hoạt động dịch vụ do cơ quan nhà nước cấp xã thực hiện phải nộp vào ngân sách nhà nước, trường hợp được khoán chi phí hoạt động từ nguồn thu phí thì được khấu trừ theo tỷ lệ xác định quy định; phần còn lại (nếu có) nộp ngân sách nhà nước	Xây dựng dự toán ngân sách cấp xã đảm bảo dự phòng ngân sách đạt 2% tổng chi ngân sách cấp xã (bao gồm chi bổ sung có mục tiêu từ ngân sách cấp trên)	Chi hỗ trợ hoạt động thường xuyên cho các đơn vị thuộc cấp tỉnh quản lý đóng trên địa bàn	Uỷ ban nhân dân cấp xã	Cơ quan cấp trên	50 / 60
31/08/2026 16:18:45	Nguyễn Minh Anh	Trưởng phòng Tài chính	Xã Bà Nà	Thu từ quỹ phòng, chống thiên tai được phân bổ cho Uỷ ban nhân dân cấp xã	Phí thu từ các hoạt động dịch vụ do cơ quan nhà nước cấp xã thực hiện phải nộp vào ngân sách nhà nước, trường hợp được khoán chi phí hoạt động từ nguồn thu phí thì được khấu trừ theo tỷ lệ xác định quy định; phần còn lại (nếu có) nộp ngân sách nhà nước	Xây dựng dự toán ngân sách cấp xã đảm bảo dự phòng ngân sách đạt 2% tổng chi ngân sách cấp xã (bao gồm chi bổ sung có mục tiêu từ ngân sách cấp trên)	Chi hỗ trợ hoạt động thường xuyên cho các đơn vị thuộc cấp tỉnh quản lý đóng trên địa bàn	Hội đồng nhân dân cấp xã	Kho bạc nhà nước	40 / 60
31/08/2026 16:19:30	Trần Minh Anh	Phó Trưởng phòng Tài chính	Xã Tam Anh	Thu từ quỹ phòng, chống thiên tai được phân bổ cho Uỷ ban nhân dân cấp xã	Phí thu từ các hoạt động dịch vụ do cơ quan nhà nước cấp xã thực hiện phải nộp vào ngân sách nhà nước, trường hợp được khoán chi phí hoạt động từ nguồn thu phí thì được khấu trừ theo tỷ lệ xác định quy định; phần còn lại (nếu có) nộp ngân sách nhà nước	Xây dựng dự toán ngân sách cấp xã đảm bảo dự phòng ngân sách đạt 2% tổng chi ngân sách cấp xã (bao gồm chi bổ sung có mục tiêu từ ngân sách cấp trên)	Chi hỗ trợ hoạt động thường xuyên cho các đơn vị thuộc cấp tỉnh quản lý đóng trên địa bàn	Thường trực Hội đồng nhân dân cấp xã	Thanh tra tài chính	40 / 60
31/08/2026 16:20:15	Lê Minh Anh	Công chức Văn phòng - Thống kê	Xã Tam Xuân	Thu từ quỹ phòng, chống thiên tai được phân bổ cho Uỷ ban nhân dân cấp xã	Phí thu từ các hoạt động dịch vụ do cơ quan nhà nước cấp xã thực hiện phải nộp vào ngân sách nhà nước, trường hợp được khoán chi phí hoạt động từ nguồn thu phí thì được khấu trừ theo tỷ lệ xác định quy định; phần còn lại (nếu có) nộp ngân sách nhà nước	Xây dựng dự toán ngân sách cấp xã đảm bảo dự phòng ngân sách đạt 2% tổng chi ngân sách cấp xã (bao gồm chi bổ sung có mục tiêu từ ngân sách cấp trên)	Chi hỗ trợ hoạt động thường xuyên cho các đơn vị thuộc cấp tỉnh quản lý đóng trên địa bàn	Cơ quan tài chính cấp xã	Cơ quan tài chính cấp xã	50 / 60
31/08/2026 16:21:00	Phạm Minh Anh	Công chức Địa chính - Xây dựng	Xã Tây Hồ	Thu từ quỹ phòng, chống thiên tai được phân bổ cho Uỷ ban nhân dân cấp xã	Phí thu từ các hoạt động dịch vụ do cơ quan nhà nước cấp xã thực hiện phải nộp vào ngân sách nhà nước, trường hợp được khoán chi phí hoạt động từ nguồn thu phí thì được khấu trừ theo tỷ lệ xác định quy định; phần còn lại (nếu có) nộp ngân sách nhà nước	Xây dựng dự toán ngân sách cấp xã đảm bảo dự phòng ngân sách đạt 2% tổng chi ngân sách cấp xã (bao gồm chi bổ sung có mục tiêu từ ngân sách cấp trên)	Chi hỗ trợ hoạt động thường xuyên cho các đơn vị thuộc cấp tỉnh quản lý đóng trên địa bàn	Uỷ ban nhân dân cấp xã	Cơ quan cấp trên	50 / 60
31/08/2026 16:21:45	Vũ Minh Anh	Phó Chủ tịch HĐND	Xã Chiên Đàn	Thu từ quỹ phòng, chống thiên tai được phân bổ cho Uỷ ban nhân dân cấp xã	Phí thu từ các hoạt động dịch vụ do cơ quan nhà nước cấp xã thực hiện phải nộp vào ngân sách nhà nước, trường hợp được khoán chi phí hoạt động từ nguồn thu phí thì được khấu trừ theo tỷ lệ xác định quy định; phần còn lại (nếu có) nộp ngân sách nhà nước	Xây dựng dự toán ngân sách cấp xã đảm bảo dự phòng ngân sách đạt 2% tổng chi ngân sách cấp xã (bao gồm chi bổ sung có mục tiêu từ ngân sách cấp trên)	Chi hỗ trợ hoạt động thường xuyên cho các đơn vị thuộc cấp tỉnh quản lý đóng trên địa bàn	Hội đồng nhân dân cấp xã	Kho bạc nhà nước	40 / 60
31/08/2026 16:22:30	Hoàng Minh Anh	Công chức Tài chính - Kế toán	Xã Tiên Phước	Thu từ quỹ phòng, chống thiên tai được phân bổ cho Uỷ ban nhân dân cấp xã	Phí thu từ các hoạt động dịch vụ do cơ quan nhà nước cấp xã thực hiện phải nộp vào ngân sách nhà nước, trường hợp được khoán chi phí hoạt động từ nguồn thu phí thì được khấu trừ theo tỷ lệ xác định quy định; phần còn lại (nếu có) nộp ngân sách nhà nước	Xây dựng dự toán ngân sách cấp xã đảm bảo dự phòng ngân sách đạt 2% tổng chi ngân sách cấp xã (bao gồm chi bổ sung có mục tiêu từ ngân sách cấp trên)	Chi hỗ trợ hoạt động thường xuyên cho các đơn vị thuộc cấp tỉnh quản lý đóng trên địa bàn	Thường trực Hội đồng nhân dân cấp xã	Thanh tra tài chính	40 / 60
31/08/2026 16:23:15	Phan Minh Anh	Chuyên viên	Xã Thạnh Bình	Thu từ quỹ phòng, chống thiên tai được phân bổ cho Uỷ ban nhân dân cấp xã	Phí thu từ các hoạt động dịch vụ do cơ quan nhà nước cấp xã thực hiện phải nộp vào ngân sách nhà nước, trường hợp được khoán chi phí hoạt động từ nguồn thu phí thì được khấu trừ theo tỷ lệ xác định quy định; phần còn lại (nếu có) nộp ngân sách nhà nước	Xây dựng dự toán ngân sách cấp xã đảm bảo dự phòng ngân sách đạt 2% tổng chi ngân sách cấp xã (bao gồm chi bổ sung có mục tiêu từ ngân sách cấp trên)	Chi hỗ trợ hoạt động thường xuyên cho các đơn vị thuộc cấp tỉnh quản lý đóng trên địa bàn	Cơ quan tài chính cấp xã	Cơ quan tài chính cấp xã	50 / 60
31/08/2026 16:24:00	Bùi Minh Anh	Kế toán trưởng	Xã Sơn Cẩm Hà	Thu từ quỹ phòng, chống thiên tai được phân bổ cho Uỷ ban nhân dân cấp xã	Phí thu từ các hoạt động dịch vụ do cơ quan nhà nước cấp xã thực hiện phải nộp vào ngân sách nhà nước, trường hợp được khoán chi phí hoạt động từ nguồn thu phí thì được khấu trừ theo tỷ lệ xác định quy định; phần còn lại (nếu có) nộp ngân sách nhà nước	Xây dựng dự toán ngân sách cấp xã đảm bảo dự phòng ngân sách đạt 2% tổng chi ngân sách cấp xã (bao gồm chi bổ sung có mục tiêu từ ngân sách cấp trên)	Chi hỗ trợ hoạt động thường xuyên cho các đơn vị thuộc cấp tỉnh quản lý đóng trên địa bàn	Uỷ ban nhân dân cấp xã	Cơ quan cấp trên	50 / 60
31/08/2026 16:24:45	Đặng Minh Anh	Phó Chủ tịch UBND	Xã Trà Liên	Thu từ quỹ phòng, chống thiên tai được phân bổ cho Uỷ ban nhân dân cấp xã	Phí thu từ các hoạt động dịch vụ do cơ quan nhà nước cấp xã thực hiện phải nộp vào ngân sách nhà nước, trường hợp được khoán chi phí hoạt động từ nguồn thu phí thì được khấu trừ theo tỷ lệ xác định quy định; phần còn lại (nếu có) nộp ngân sách nhà nước	Xây dựng dự toán ngân sách cấp xã đảm bảo dự phòng ngân sách đạt 2% tổng chi ngân sách cấp xã (bao gồm chi bổ sung có mục tiêu từ ngân sách cấp trên)	Chi hỗ trợ hoạt động thường xuyên cho các đơn vị thuộc cấp tỉnh quản lý đóng trên địa bàn	Hội đồng nhân dân cấp xã	Kho bạc nhà nước	40 / 60
31/08/2026 16:25:30	Đỗ Minh Anh	Chủ tịch UBND	Xã Trà Giáp	Thu từ quỹ phòng, chống thiên tai được phân bổ cho Uỷ ban nhân dân cấp xã	Phí thu từ các hoạt động dịch vụ do cơ quan nhà nước cấp xã thực hiện phải nộp vào ngân sách nhà nước, trường hợp được khoán chi phí hoạt động từ nguồn thu phí thì được khấu trừ theo tỷ lệ xác định quy định; phần còn lại (nếu có) nộp ngân sách nhà nước	Xây dựng dự toán ngân sách cấp xã đảm bảo dự phòng ngân sách đạt 2% tổng chi ngân sách cấp xã (bao gồm chi bổ sung có mục tiêu từ ngân sách cấp trên)	Chi hỗ trợ hoạt động thường xuyên cho các đơn vị thuộc cấp tỉnh quản lý đóng trên địa bàn	Thường trực Hội đồng nhân dân cấp xã	Thanh tra tài chính	40 / 60
31/08/2026 16:26:15	Hồ Minh Anh	Trưởng phòng Tài chính	Xã Trà Tân	Thu từ quỹ phòng, chống thiên tai được phân bổ cho Uỷ ban nhân dân cấp xã	Phí thu từ các hoạt động dịch vụ do cơ quan nhà nước cấp xã thực hiện phải nộp vào ngân sách nhà nước, trường hợp được khoán chi phí hoạt động từ nguồn thu phí thì được khấu trừ theo tỷ lệ xác định quy định; phần còn lại (nếu có) nộp ngân sách nhà nước	Xây dựng dự toán ngân sách cấp xã đảm bảo dự phòng ngân sách đạt 2% tổng chi ngân sách cấp xã (bao gồm chi bổ sung có mục tiêu từ ngân sách cấp trên)	Chi hỗ trợ hoạt động thường xuyên cho các đơn vị thuộc cấp tỉnh quản lý đóng trên địa bàn	Cơ quan tài chính cấp xã	Cơ quan tài chính cấp xã	50 / 60
31/08/2026 16:27:00	Ngo Minh Anh	Phó Trưởng phòng Tài chính	Xã Trà My	Thu từ quỹ phòng, chống thiên tai được phân bổ cho Uỷ ban nhân dân cấp xã	Phí thu từ các hoạt động dịch vụ do cơ quan nhà nước cấp xã thực hiện phải nộp vào ngân sách nhà nước, trường hợp được khoán chi phí hoạt động từ nguồn thu phí thì được khấu trừ theo tỷ lệ xác định quy định; phần còn lại (nếu có) nộp ngân sách nhà nước	Xây dựng dự toán ngân sách cấp xã đảm bảo dự phòng ngân sách đạt 2% tổng chi ngân sách cấp xã (bao gồm chi bổ sung có mục tiêu từ ngân sách cấp trên)	Chi hỗ trợ hoạt động thường xuyên cho các đơn vị thuộc cấp tỉnh quản lý đóng trên địa bàn	Uỷ ban nhân dân cấp xã	Cơ quan cấp trên	50 / 60
31/08/2026 16:27:45	Dương Minh Anh	Công chức Văn phòng - Thống kê	Xã Nam Trà My	Thu từ quỹ phòng, chống thiên tai được phân bổ cho Uỷ ban nhân dân cấp xã	Phí thu từ các hoạt động dịch vụ do cơ quan nhà nước cấp xã thực hiện phải nộp vào ngân sách nhà nước, trường hợp được khoán chi phí hoạt động từ nguồn thu phí thì được khấu trừ theo tỷ lệ xác định quy định; phần còn lại (nếu có) nộp ngân sách nhà nước	Xây dựng dự toán ngân sách cấp xã đảm bảo dự phòng ngân sách đạt 2% tổng chi ngân sách cấp xã (bao gồm chi bổ sung có mục tiêu từ ngân sách cấp trên)	Chi hỗ trợ hoạt động thường xuyên cho các đơn vị thuộc cấp tỉnh quản lý đóng trên địa bàn	Hội đồng nhân dân cấp xã	Kho bạc nhà nước	40 / 60
31/08/2026 16:28:30	Đinh Minh Anh	Công chức Địa chính - Xây dựng	Xã Trà Tập	Thu từ quỹ phòng, chống thiên tai được phân bổ cho Uỷ ban nhân dân cấp xã	Phí thu từ các hoạt động dịch vụ do cơ quan nhà nước cấp xã thực hiện phải nộp vào ngân sách nhà nước, trường hợp được khoán chi phí hoạt động từ nguồn thu phí thì được khấu trừ theo tỷ lệ xác định quy định; phần còn lại (nếu có) nộp ngân sách nhà nước	Xây dựng dự toán ngân sách cấp xã đảm bảo dự phòng ngân sách đạt 2% tổng chi ngân sách cấp xã (bao gồm chi bổ sung có mục tiêu từ ngân sách cấp trên)	Chi hỗ trợ hoạt động thường xuyên cho các đơn vị thuộc cấp tỉnh quản lý đóng trên địa bàn	Thường trực Hội đồng nhân dân cấp xã	Thanh tra tài chính	40 / 60
31/08/2026 16:29:15	Trương Minh Anh	Phó Chủ tịch HĐND	Xã Trà Vân	Thu từ quỹ phòng, chống thiên tai được phân bổ cho Uỷ ban nhân dân cấp xã	Phí thu từ các hoạt động dịch vụ do cơ quan nhà nước cấp xã thực hiện phải nộp vào ngân sách nhà nước, trường hợp được khoán chi phí hoạt động từ nguồn thu phí thì được khấu trừ theo tỷ lệ xác định quy định; phần còn lại (nếu có) nộp ngân sách nhà nước	Xây dựng dự toán ngân sách cấp xã đảm bảo dự phòng ngân sách đạt 2% tổng chi ngân sách cấp xã (bao gồm chi bổ sung có mục tiêu từ ngân sách cấp trên)	Chi hỗ trợ hoạt động thường xuyên cho các đơn vị thuộc cấp tỉnh quản lý đóng trên địa bàn	Cơ quan tài chính cấp xã	Cơ quan tài chính cấp xã	50 / 60
31/08/2026 16:30:00	Nguyễn Đức Anh	Công chức Tài chính - Kế toán	Xã Trà Leng	Thu từ quỹ phòng, chống thiên tai được phân bổ cho Uỷ ban nhân dân cấp xã	Phí thu từ các hoạt động dịch vụ do cơ quan nhà nước cấp xã thực hiện phải nộp vào ngân sách nhà nước, trường hợp được khoán chi phí hoạt động từ nguồn thu phí thì được khấu trừ theo tỷ lệ xác định quy định; phần còn lại (nếu có) nộp ngân sách nhà nước	Xây dựng dự toán ngân sách cấp xã đảm bảo dự phòng ngân sách đạt 2% tổng chi ngân sách cấp xã (bao gồm chi bổ sung có mục tiêu từ ngân sách cấp trên)	Chi hỗ trợ hoạt động thường xuyên cho các đơn vị thuộc cấp tỉnh quản lý đóng trên địa bàn	Uỷ ban nhân dân cấp xã	Cơ quan cấp trên	50 / 60
31/08/2026 16:30:45	Trần Đức Anh	Chuyên viên	Xã Thăng Bình	Thu từ quỹ phòng, chống thiên tai được phân bổ cho Uỷ ban nhân dân cấp xã	Phí thu từ các hoạt động dịch vụ do cơ quan nhà nước cấp xã thực hiện phải nộp vào ngân sách nhà nước, trường hợp được khoán chi phí hoạt động từ nguồn thu phí thì được khấu trừ theo tỷ lệ xác định quy định; phần còn lại (nếu có) nộp ngân sách nhà nước	Xây dựng dự toán ngân sách cấp xã đảm bảo dự phòng ngân sách đạt 2% tổng chi ngân sách cấp xã (bao gồm chi bổ sung có mục tiêu từ ngân sách cấp trên)	Chi hỗ trợ hoạt động thường xuyên cho các đơn vị thuộc cấp tỉnh quản lý đóng trên địa bàn	Hội đồng nhân dân cấp xã	Kho bạc nhà nước	40 / 60
31/08/2026 16:31:30	Lê Đức Anh	Kế toán trưởng	Xã Thăng An	Thu từ quỹ phòng, chống thiên tai được phân bổ cho Uỷ ban nhân dân cấp xã	Phí thu từ các hoạt động dịch vụ do cơ quan nhà nước cấp xã thực hiện phải nộp vào ngân sách nhà nước, trường hợp được khoán chi phí hoạt động từ nguồn thu phí thì được khấu trừ theo tỷ lệ xác định quy định; phần còn lại (nếu có) nộp ngân sách nhà nước	Xây dựng dự toán ngân sách cấp xã đảm bảo dự phòng ngân sách đạt 2% tổng chi ngân sách cấp xã (bao gồm chi bổ sung có mục tiêu từ ngân sách cấp trên)	Chi hỗ trợ hoạt động thường xuyên cho các đơn vị thuộc cấp tỉnh quản lý đóng trên địa bàn	Thường trực Hội đồng nhân dân cấp xã	Thanh tra tài chính	40 / 60
31/08/2026 16:32:15	Phạm Đức Anh	Phó Chủ tịch UBND	Xã Thăng Trường	Thu từ quỹ phòng, chống thiên tai được phân bổ cho Uỷ ban nhân dân cấp xã	Phí thu từ các hoạt động dịch vụ do cơ quan nhà nước cấp xã thực hiện phải nộp vào ngân sách nhà nước, trường hợp được khoán chi phí hoạt động từ nguồn thu phí thì được khấu trừ theo tỷ lệ xác định quy định; phần còn lại (nếu có) nộp ngân sách nhà nước	Xây dựng dự toán ngân sách cấp xã đảm bảo dự phòng ngân sách đạt 2% tổng chi ngân sách cấp xã (bao gồm chi bổ sung có mục tiêu từ ngân sách cấp trên)	Chi hỗ trợ hoạt động thường xuyên cho các đơn vị thuộc cấp tỉnh quản lý đóng trên địa bàn	Cơ quan tài chính cấp xã	Cơ quan tài chính cấp xã	50 / 60
31/08/2026 16:33:00	Vũ Đức Anh	Chủ tịch UBND	Xã Thăng Phú	Thu từ quỹ phòng, chống thiên tai được phân bổ cho Uỷ ban nhân dân cấp xã	Phí thu từ các hoạt động dịch vụ do cơ quan nhà nước cấp xã thực hiện phải nộp vào ngân sách nhà nước, trường hợp được khoán chi phí hoạt động từ nguồn thu phí thì được khấu trừ theo tỷ lệ xác định quy định; phần còn lại (nếu có) nộp ngân sách nhà nước	Xây dựng dự toán ngân sách cấp xã đảm bảo dự phòng ngân sách đạt 2% tổng chi ngân sách cấp xã (bao gồm chi bổ sung có mục tiêu từ ngân sách cấp trên)	Chi hỗ trợ hoạt động thường xuyên cho các đơn vị thuộc cấp tỉnh quản lý đóng trên địa bàn	Uỷ ban nhân dân cấp xã	Cơ quan cấp trên	50 / 60
31/08/2026 16:33:45	Hoàng Đức Anh	Trưởng phòng Tài chính	Xã Đồng Dương	Thu từ quỹ phòng, chống thiên tai được phân bổ cho Uỷ ban nhân dân cấp xã	Phí thu từ các hoạt động dịch vụ do cơ quan nhà nước cấp xã thực hiện phải nộp vào ngân sách nhà nước, trường hợp được khoán chi phí hoạt động từ nguồn thu phí thì được khấu trừ theo tỷ lệ xác định quy định; phần còn lại (nếu có) nộp ngân sách nhà nước	Xây dựng dự toán ngân sách cấp xã đảm bảo dự phòng ngân sách đạt 2% tổng chi ngân sách cấp xã (bao gồm chi bổ sung có mục tiêu từ ngân sách cấp trên)	Chi hỗ trợ hoạt động thường xuyên cho các đơn vị thuộc cấp tỉnh quản lý đóng trên địa bàn	Hội đồng nhân dân cấp xã	Kho bạc nhà nước	40 / 60
31/08/2026 16:34:30	Phan Đức Anh	Phó Trưởng phòng Tài chính	Xã Quế Sơn Trung	Thu từ quỹ phòng, chống thiên tai được phân bổ cho Uỷ ban nhân dân cấp xã	Phí thu từ các hoạt động dịch vụ do cơ quan nhà nước cấp xã thực hiện phải nộp vào ngân sách nhà nước, trường hợp được khoán chi phí hoạt động từ nguồn thu phí thì được khấu trừ theo tỷ lệ xác định quy định; phần còn lại (nếu có) nộp ngân sách nhà nước	Xây dựng dự toán ngân sách cấp xã đảm bảo dự phòng ngân sách đạt 2% tổng chi ngân sách cấp xã (bao gồm chi bổ sung có mục tiêu từ ngân sách cấp trên)	Chi hỗ trợ hoạt động thường xuyên cho các đơn vị thuộc cấp tỉnh quản lý đóng trên địa bàn	Thường trực Hội đồng nhân dân cấp xã	Thanh tra tài chính	40 / 60
31/08/2026 16:35:15	Bùi Đức Anh	Công chức Văn phòng - Thống kê	Xã Xuân Phú	Thu từ quỹ phòng, chống thiên tai được phân bổ cho Uỷ ban nhân dân cấp xã	Phí thu từ các hoạt động dịch vụ do cơ quan nhà nước cấp xã thực hiện phải nộp vào ngân sách nhà nước, trường hợp được khoán chi phí hoạt động từ nguồn thu phí thì được khấu trừ theo tỷ lệ xác định quy định; phần còn lại (nếu có) nộp ngân sách nhà nước	Xây dựng dự toán ngân sách cấp xã đảm bảo dự phòng ngân sách đạt 2% tổng chi ngân sách cấp xã (bao gồm chi bổ sung có mục tiêu từ ngân sách cấp trên)	Chi hỗ trợ hoạt động thường xuyên cho các đơn vị thuộc cấp tỉnh quản lý đóng trên địa bàn	Cơ quan tài chính cấp xã	Cơ quan tài chính cấp xã	50 / 60
31/08/2026 16:36:00	Đặng Đức Anh	Công chức Địa chính - Xây dựng	Xã Nông Sơn	Thu từ quỹ phòng, chống thiên tai được phân bổ cho Uỷ ban nhân dân cấp xã	Phí thu từ các hoạt động dịch vụ do cơ quan nhà nước cấp xã thực hiện phải nộp vào ngân sách nhà nước, trường hợp được khoán chi phí hoạt động từ nguồn thu phí thì được khấu trừ theo tỷ lệ xác định quy định; phần còn lại (nếu có) nộp ngân sách nhà nước	Xây dựng dự toán ngân sách cấp xã đảm bảo dự phòng ngân sách đạt 2% tổng chi ngân sách cấp xã (bao gồm chi bổ sung có mục tiêu từ ngân sách cấp trên)	Chi hỗ trợ hoạt động thường xuyên cho các đơn vị thuộc cấp tỉnh quản lý đóng trên địa bàn	Uỷ ban nhân dân cấp xã	Cơ quan cấp trên	50 / 60
31/08/2026 16:36:45	Đỗ Đức Anh	Phó Chủ tịch HĐND	Xã Quế Phước	Thu từ quỹ phòng, chống thiên tai được phân bổ cho Uỷ ban nhân dân cấp xã	Phí thu từ các hoạt động dịch vụ do cơ quan nhà nước cấp xã thực hiện phải nộp vào ngân sách nhà nước, trường hợp được khoán chi phí hoạt động từ nguồn thu phí thì được khấu trừ theo tỷ lệ xác định quy định; phần còn lại (nếu có) nộp ngân sách nhà nước	Xây dựng dự toán ngân sách cấp xã đảm bảo dự phòng ngân sách đạt 2% tổng chi ngân sách cấp xã (bao gồm chi bổ sung có mục tiêu từ ngân sách cấp trên)	Chi hỗ trợ hoạt động thường xuyên cho các đơn vị thuộc cấp tỉnh quản lý đóng trên địa bàn	Hội đồng nhân dân cấp xã	Kho bạc nhà nước	40 / 60
31/08/2026 16:37:30	Hồ Đức Anh	Công chức Tài chính - Kế toán	Xã Duy Nghĩa	Thu từ quỹ phòng, chống thiên tai được phân bổ cho Uỷ ban nhân dân cấp xã	Phí thu từ các hoạt động dịch vụ do cơ quan nhà nước cấp xã thực hiện phải nộp vào ngân sách nhà nước, trường hợp được khoán chi phí hoạt động từ nguồn thu phí thì được khấu trừ theo tỷ lệ xác định quy định; phần còn lại (nếu có) nộp ngân sách nhà nước	Xây dựng dự toán ngân sách cấp xã đảm bảo dự phòng ngân sách đạt 2% tổng chi ngân sách cấp xã (bao gồm chi bổ sung có mục tiêu từ ngân sách cấp trên)	Chi hỗ trợ hoạt động thường xuyên cho các đơn vị thuộc cấp tỉnh quản lý đóng trên địa bàn	Thường trực Hội đồng nhân dân cấp xã	Thanh tra tài chính	40 / 60
31/08/2026 16:38:15	Ngo Đức Anh	Chuyên viên	Xã Nam Phước	Thu từ quỹ phòng, chống thiên tai được phân bổ cho Uỷ ban nhân dân cấp xã	Phí thu từ các hoạt động dịch vụ do cơ quan nhà nước cấp xã thực hiện phải nộp vào ngân sách nhà nước, trường hợp được khoán chi phí hoạt động từ nguồn thu phí thì được khấu trừ theo tỷ lệ xác định quy định; phần còn lại (nếu có) nộp ngân sách nhà nước	Xây dựng dự toán ngân sách cấp xã đảm bảo dự phòng ngân sách đạt 2% tổng chi ngân sách cấp xã (bao gồm chi bổ sung có mục tiêu từ ngân sách cấp trên)	Chi hỗ trợ hoạt động thường xuyên cho các đơn vị thuộc cấp tỉnh quản lý đóng trên địa bàn	Cơ quan tài chính cấp xã	Cơ quan tài chính cấp xã	50 / 60
31/08/2026 16:39:00	Dương Đức Anh	Kế toán trưởng	Xã Duy Xuyên	Thu từ quỹ phòng, chống thiên tai được phân bổ cho Uỷ ban nhân dân cấp xã	Phí thu từ các hoạt động dịch vụ do cơ quan nhà nước cấp xã thực hiện phải nộp vào ngân sách nhà nước, trường hợp được khoán chi phí hoạt động từ nguồn thu phí thì được khấu trừ theo tỷ lệ xác định quy định; phần còn lại (nếu có) nộp ngân sách nhà nước	Xây dựng dự toán ngân sách cấp xã đảm bảo dự phòng ngân sách đạt 2% tổng chi ngân sách cấp xã (bao gồm chi bổ sung có mục tiêu từ ngân sách cấp trên)	Chi hỗ trợ hoạt động thường xuyên cho các đơn vị thuộc cấp tỉnh quản lý đóng trên địa bàn	Uỷ ban nhân dân cấp xã	Cơ quan cấp trên	50 / 60
31/08/2026 16:39:45	Đinh Đức Anh	Phó Chủ tịch UBND	Xã Thu Bồn	Thu từ quỹ phòng, chống thiên tai được phân bổ cho Uỷ ban nhân dân cấp xã	Phí thu từ các hoạt động dịch vụ do cơ quan nhà nước cấp xã thực hiện phải nộp vào ngân sách nhà nước, trường hợp được khoán chi phí hoạt động từ nguồn thu phí thì được khấu trừ theo tỷ lệ xác định quy định; phần còn lại (nếu có) nộp ngân sách nhà nước	Xây dựng dự toán ngân sách cấp xã đảm bảo dự phòng ngân sách đạt 2% tổng chi ngân sách cấp xã (bao gồm chi bổ sung có mục tiêu từ ngân sách cấp trên)	Chi hỗ trợ hoạt động thường xuyên cho các đơn vị thuộc cấp tỉnh quản lý đóng trên địa bàn	Hội đồng nhân dân cấp xã	Kho bạc nhà nước	40 / 60
31/08/2026 16:40:30	Trương Đức Anh	Chủ tịch UBND	Xã Điện Bàn Tây	Thu từ quỹ phòng, chống thiên tai được phân bổ cho Uỷ ban nhân dân cấp xã	Phí thu từ các hoạt động dịch vụ do cơ quan nhà nước cấp xã thực hiện phải nộp vào ngân sách nhà nước, trường hợp được khoán chi phí hoạt động từ nguồn thu phí thì được khấu trừ theo tỷ lệ xác định quy định; phần còn lại (nếu có) nộp ngân sách nhà nước	Xây dựng dự toán ngân sách cấp xã đảm bảo dự phòng ngân sách đạt 2% tổng chi ngân sách cấp xã (bao gồm chi bổ sung có mục tiêu từ ngân sách cấp trên)	Chi hỗ trợ hoạt động thường xuyên cho các đơn vị thuộc cấp tỉnh quản lý đóng trên địa bàn	Thường trực Hội đồng nhân dân cấp xã	Thanh tra tài chính	40 / 60
31/08/2026 16:41:15	Nguyễn Ngọc Anh	Trưởng phòng Tài chính	Xã Gò Nổi	Thu từ quỹ phòng, chống thiên tai được phân bổ cho Uỷ ban nhân dân cấp xã	Phí thu từ các hoạt động dịch vụ do cơ quan nhà nước cấp xã thực hiện phải nộp vào ngân sách nhà nước, trường hợp được khoán chi phí hoạt động từ nguồn thu phí thì được khấu trừ theo tỷ lệ xác định quy định; phần còn lại (nếu có) nộp ngân sách nhà nước	Xây dựng dự toán ngân sách cấp xã đảm bảo dự phòng ngân sách đạt 2% tổng chi ngân sách cấp xã (bao gồm chi bổ sung có mục tiêu từ ngân sách cấp trên)	Chi hỗ trợ hoạt động thường xuyên cho các đơn vị thuộc cấp tỉnh quản lý đóng trên địa bàn	Cơ quan tài chính cấp xã	Cơ quan tài chính cấp xã	50 / 60
31/08/2026 16:42:00	Trần Ngọc Anh	Phó Trưởng phòng Tài chính	Xã Tân Hiệp	Thu từ quỹ phòng, chống thiên tai được phân bổ cho Uỷ ban nhân dân cấp xã	Phí thu từ các hoạt động dịch vụ do cơ quan nhà nước cấp xã thực hiện phải nộp vào ngân sách nhà nước, trường hợp được khoán chi phí hoạt động từ nguồn thu phí thì được khấu trừ theo tỷ lệ xác định quy định; phần còn lại (nếu có) nộp ngân sách nhà nước	Xây dựng dự toán ngân sách cấp xã đảm bảo dự phòng ngân sách đạt 2% tổng chi ngân sách cấp xã (bao gồm chi bổ sung có mục tiêu từ ngân sách cấp trên)	Chi hỗ trợ hoạt động thường xuyên cho các đơn vị thuộc cấp tỉnh quản lý đóng trên địa bàn	Uỷ ban nhân dân cấp xã	Cơ quan cấp trên	50 / 60
31/08/2026 16:42:45	Lê Ngọc Anh	Công chức Văn phòng - Thống kê	Xã Đại Lộc	Thu từ quỹ phòng, chống thiên tai được phân bổ cho Uỷ ban nhân dân cấp xã	Phí thu từ các hoạt động dịch vụ do cơ quan nhà nước cấp xã thực hiện phải nộp vào ngân sách nhà nước, trường hợp được khoán chi phí hoạt động từ nguồn thu phí thì được khấu trừ theo tỷ lệ xác định quy định; phần còn lại (nếu có) nộp ngân sách nhà nước	Xây dựng dự toán ngân sách cấp xã đảm bảo dự phòng ngân sách đạt 2% tổng chi ngân sách cấp xã (bao gồm chi bổ sung có mục tiêu từ ngân sách cấp trên)	Chi hỗ trợ hoạt động thường xuyên cho các đơn vị thuộc cấp tỉnh quản lý đóng trên địa bàn	Hội đồng nhân dân cấp xã	Kho bạc nhà nước	40 / 60
31/08/2026 16:43:30	Phạm Ngọc Anh	Công chức Địa chính - Xây dựng	Xã Hà Nha	Thu từ quỹ phòng, chống thiên tai được phân bổ cho Uỷ ban nhân dân cấp xã	Phí thu từ các hoạt động dịch vụ do cơ quan nhà nước cấp xã thực hiện phải nộp vào ngân sách nhà nước, trường hợp được khoán chi phí hoạt động từ nguồn thu phí thì được khấu trừ theo tỷ lệ xác định quy định; phần còn lại (nếu có) nộp ngân sách nhà nước	Xây dựng dự toán ngân sách cấp xã đảm bảo dự phòng ngân sách đạt 2% tổng chi ngân sách cấp xã (bao gồm chi bổ sung có mục tiêu từ ngân sách cấp trên)	Chi hỗ trợ hoạt động thường xuyên cho các đơn vị thuộc cấp tỉnh quản lý đóng trên địa bàn	Thường trực Hội đồng nhân dân cấp xã	Thanh tra tài chính	40 / 60
31/08/2026 16:44:15	Vũ Ngọc Anh	Phó Chủ tịch HĐND	Xã Thượng Đức	Thu từ quỹ phòng, chống thiên tai được phân bổ cho Uỷ ban nhân dân cấp xã	Phí thu từ các hoạt động dịch vụ do cơ quan nhà nước cấp xã thực hiện phải nộp vào ngân sách nhà nước, trường hợp được khoán chi phí hoạt động từ nguồn thu phí thì được khấu trừ theo tỷ lệ xác định quy định; phần còn lại (nếu có) nộp ngân sách nhà nước	Xây dựng dự toán ngân sách cấp xã đảm bảo dự phòng ngân sách đạt 2% tổng chi ngân sách cấp xã (bao gồm chi bổ sung có mục tiêu từ ngân sách cấp trên)	Chi hỗ trợ hoạt động thường xuyên cho các đơn vị thuộc cấp tỉnh quản lý đóng trên địa bàn	Cơ quan tài chính cấp xã	Cơ quan tài chính cấp xã	50 / 60
31/08/2026 16:45:00	Hoàng Ngọc Anh	Công chức Tài chính - Kế toán	Xã Vu Gia	Thu từ quỹ phòng, chống thiên tai được phân bổ cho Uỷ ban nhân dân cấp xã	Phí thu từ các hoạt động dịch vụ do cơ quan nhà nước cấp xã thực hiện phải nộp vào ngân sách nhà nước, trường hợp được khoán chi phí hoạt động từ nguồn thu phí thì được khấu trừ theo tỷ lệ xác định quy định; phần còn lại (nếu có) nộp ngân sách nhà nước	Xây dựng dự toán ngân sách cấp xã đảm bảo dự phòng ngân sách đạt 2% tổng chi ngân sách cấp xã (bao gồm chi bổ sung có mục tiêu từ ngân sách cấp trên)	Chi hỗ trợ hoạt động thường xuyên cho các đơn vị thuộc cấp tỉnh quản lý đóng trên địa bàn	Uỷ ban nhân dân cấp xã	Cơ quan cấp trên	50 / 60
31/08/2026 16:45:45	Phan Ngọc Anh	Chuyên viên	Xã Phú Thuận	Thu từ quỹ phòng, chống thiên tai được phân bổ cho Uỷ ban nhân dân cấp xã	Phí thu từ các hoạt động dịch vụ do cơ quan nhà nước cấp xã thực hiện phải nộp vào ngân sách nhà nước, trường hợp được khoán chi phí hoạt động từ nguồn thu phí thì được khấu trừ theo tỷ lệ xác định quy định; phần còn lại (nếu có) nộp ngân sách nhà nước	Xây dựng dự toán ngân sách cấp xã đảm bảo dự phòng ngân sách đạt 2% tổng chi ngân sách cấp xã (bao gồm chi bổ sung có mục tiêu từ ngân sách cấp trên)	Chi hỗ trợ hoạt động thường xuyên cho các đơn vị thuộc cấp tỉnh quản lý đóng trên địa bàn	Hội đồng nhân dân cấp xã	Kho bạc nhà nước	40 / 60
31/08/2026 16:46:30	Bùi Ngọc Anh	Kế toán trưởng	Xã Thạnh Mỹ	Thu từ quỹ phòng, chống thiên tai được phân bổ cho Uỷ ban nhân dân cấp xã	Phí thu từ các hoạt động dịch vụ do cơ quan nhà nước cấp xã thực hiện phải nộp vào ngân sách nhà nước, trường hợp được khoán chi phí hoạt động từ nguồn thu phí thì được khấu trừ theo tỷ lệ xác định quy định; phần còn lại (nếu có) nộp ngân sách nhà nước	Xây dựng dự toán ngân sách cấp xã đảm bảo dự phòng ngân sách đạt 2% tổng chi ngân sách cấp xã (bao gồm chi bổ sung có mục tiêu từ ngân sách cấp trên)	Chi hỗ trợ hoạt động thường xuyên cho các đơn vị thuộc cấp tỉnh quản lý đóng trên địa bàn	Thường trực Hội đồng nhân dân cấp xã	Thanh tra tài chính	40 / 60
31/08/2026 16:47:15	Đặng Ngọc Anh	Phó Chủ tịch UBND	Xã Bến Giằng	Thu từ quỹ phòng, chống thiên tai được phân bổ cho Uỷ ban nhân dân cấp xã	Phí thu từ các hoạt động dịch vụ do cơ quan nhà nước cấp xã thực hiện phải nộp vào ngân sách nhà nước, trường hợp được khoán chi phí hoạt động từ nguồn thu phí thì được khấu trừ theo tỷ lệ xác định quy định; phần còn lại (nếu có) nộp ngân sách nhà nước	Xây dựng dự toán ngân sách cấp xã đảm bảo dự phòng ngân sách đạt 2% tổng chi ngân sách cấp xã (bao gồm chi bổ sung có mục tiêu từ ngân sách cấp trên)	Chi hỗ trợ hoạt động thường xuyên cho các đơn vị thuộc cấp tỉnh quản lý đóng trên địa bàn	Cơ quan tài chính cấp xã	Cơ quan tài chính cấp xã	50 / 60
31/08/2026 16:48:00	Đỗ Ngọc Anh	Chủ tịch UBND	Xã Nam Giang	Thu từ quỹ phòng, chống thiên tai được phân bổ cho Uỷ ban nhân dân cấp xã	Phí thu từ các hoạt động dịch vụ do cơ quan nhà nước cấp xã thực hiện phải nộp vào ngân sách nhà nước, trường hợp được khoán chi phí hoạt động từ nguồn thu phí thì được khấu trừ theo tỷ lệ xác định quy định; phần còn lại (nếu có) nộp ngân sách nhà nước	Xây dựng dự toán ngân sách cấp xã đảm bảo dự phòng ngân sách đạt 2% tổng chi ngân sách cấp xã (bao gồm chi bổ sung có mục tiêu từ ngân sách cấp trên)	Chi hỗ trợ hoạt động thường xuyên cho các đơn vị thuộc cấp tỉnh quản lý đóng trên địa bàn	Uỷ ban nhân dân cấp xã	Cơ quan cấp trên	50 / 60
31/08/2026 16:48:45	Hồ Ngọc Anh	Trưởng phòng Tài chính	Xã Đắc Pring	Thu từ quỹ phòng, chống thiên tai được phân bổ cho Uỷ ban nhân dân cấp xã	Phí thu từ các hoạt động dịch vụ do cơ quan nhà nước cấp xã thực hiện phải nộp vào ngân sách nhà nước, trường hợp được khoán chi phí hoạt động từ nguồn thu phí thì được khấu trừ theo tỷ lệ xác định quy định; phần còn lại (nếu có) nộp ngân sách nhà nước	Xây dựng dự toán ngân sách cấp xã đảm bảo dự phòng ngân sách đạt 2% tổng chi ngân sách cấp xã (bao gồm chi bổ sung có mục tiêu từ ngân sách cấp trên)	Chi hỗ trợ hoạt động thường xuyên cho các đơn vị thuộc cấp tỉnh quản lý đóng trên địa bàn	Hội đồng nhân dân cấp xã	Kho bạc nhà nước	40 / 60
31/08/2026 16:49:30	Ngo Ngọc Anh	Phó Trưởng phòng Tài chính	Xã La Dêê	Thu từ quỹ phòng, chống thiên tai được phân bổ cho Uỷ ban nhân dân cấp xã	Phí thu từ các hoạt động dịch vụ do cơ quan nhà nước cấp xã thực hiện phải nộp vào ngân sách nhà nước, trường hợp được khoán chi phí hoạt động từ nguồn thu phí thì được khấu trừ theo tỷ lệ xác định quy định; phần còn lại (nếu có) nộp ngân sách nhà nước	Xây dựng dự toán ngân sách cấp xã đảm bảo dự phòng ngân sách đạt 2% tổng chi ngân sách cấp xã (bao gồm chi bổ sung có mục tiêu từ ngân sách cấp trên)	Chi hỗ trợ hoạt động thường xuyên cho các đơn vị thuộc cấp tỉnh quản lý đóng trên địa bàn	Thường trực Hội đồng nhân dân cấp xã	Thanh tra tài chính	40 / 60
31/08/2026 16:50:15	Dương Ngọc Anh	Công chức Văn phòng - Thống kê	Xã La Êê	Thu từ quỹ phòng, chống thiên tai được phân bổ cho Uỷ ban nhân dân cấp xã	Phí thu từ các hoạt động dịch vụ do cơ quan nhà nước cấp xã thực hiện phải nộp vào ngân sách nhà nước, trường hợp được khoán chi phí hoạt động từ nguồn thu phí thì được khấu trừ theo tỷ lệ xác định quy định; phần còn lại (nếu có) nộp ngân sách nhà nước	Xây dựng dự toán ngân sách cấp xã đảm bảo dự phòng ngân sách đạt 2% tổng chi ngân sách cấp xã (bao gồm chi bổ sung có mục tiêu từ ngân sách cấp trên)	Chi hỗ trợ hoạt động thường xuyên cho các đơn vị thuộc cấp tỉnh quản lý đóng trên địa bàn	Cơ quan tài chính cấp xã	Cơ quan tài chính cấp xã	50 / 60
31/08/2026 16:51:00	Đinh Ngọc Anh	Công chức Địa chính - Xây dựng	Xã Sông Vàng	Thu từ quỹ phòng, chống thiên tai được phân bổ cho Uỷ ban nhân dân cấp xã	Phí thu từ các hoạt động dịch vụ do cơ quan nhà nước cấp xã thực hiện phải nộp vào ngân sách nhà nước, trường hợp được khoán chi phí hoạt động từ nguồn thu phí thì được khấu trừ theo tỷ lệ xác định quy định; phần còn lại (nếu có) nộp ngân sách nhà nước	Xây dựng dự toán ngân sách cấp xã đảm bảo dự phòng ngân sách đạt 2% tổng chi ngân sách cấp xã (bao gồm chi bổ sung có mục tiêu từ ngân sách cấp trên)	Chi hỗ trợ hoạt động thường xuyên cho các đơn vị thuộc cấp tỉnh quản lý đóng trên địa bàn	Uỷ ban nhân dân cấp xã	Cơ quan cấp trên	50 / 60
31/08/2026 16:51:45	Trương Ngọc Anh	Phó Chủ tịch HĐND	Xã Sông Kôn	Thu từ quỹ phòng, chống thiên tai được phân bổ cho Uỷ ban nhân dân cấp xã	Phí thu từ các hoạt động dịch vụ do cơ quan nhà nước cấp xã thực hiện phải nộp vào ngân sách nhà nước, trường hợp được khoán chi phí hoạt động từ nguồn thu phí thì được khấu trừ theo tỷ lệ xác định quy định; phần còn lại (nếu có) nộp ngân sách nhà nước	Xây dựng dự toán ngân sách cấp xã đảm bảo dự phòng ngân sách đạt 2% tổng chi ngân sách cấp xã (bao gồm chi bổ sung có mục tiêu từ ngân sách cấp trên)	Chi hỗ trợ hoạt động thường xuyên cho các đơn vị thuộc cấp tỉnh quản lý đóng trên địa bàn	Hội đồng nhân dân cấp xã	Kho bạc nhà nước	40 / 60
31/08/2026 16:52:30	Nguyễn Hồng Anh	Công chức Tài chính - Kế toán	Xã Đông Giang	Tiền thu từ xử phạt vi phạm hành chính, xử phạt khác theo quy định của pháp luật do các cơ quan nhà nước cấp xã thực hiện	Người nộp phí, lệ phí thực hiện khai (nếu có), nộp phí, lệ phí theo tháng, quý, năm hoặc theo từng lần phát sinh	Xây dựng dự toán ngân sách cấp xã đảm bảo dự phòng ngân sách đạt 2% tổng chi ngân sách cấp xã (bao gồm chi bổ sung có mục tiêu từ ngân sách cấp trên)	Chi phòng, chống, khắc phục hậu quả thiên tai, thảm họa, dịch bệnh, cứu đói	Thường trực Hội đồng nhân dân cấp xã	Thanh tra tài chính	10 / 60
31/08/2026 16:53:15	Trần Hồng Anh	Chuyên viên	Xã Avương	Thu từ quỹ đất công ích và thu hoa lợi công sản khác	Phí thu từ các hoạt động dịch vụ do cơ quan nhà nước cấp xã thực hiện phải nộp vào ngân sách nhà nước, trường hợp được khoán chi phí hoạt động từ nguồn thu phí thì được khấu trừ theo tỷ lệ xác định quy định; phần còn lại (nếu có) nộp ngân sách nhà nước	Dự toán thu phải thể hiện đầy đủ các khoản thu, sát khả năng thực tế	Chi cho nhiệm vụ quan trọng về quốc phòng, an ninh	Cơ quan tài chính cấp xã	Cơ quan tài chính cấp xã	20 / 60
31/08/2026 16:54:00	Lê Hồng Anh	Kế toán trưởng	Xã Tây Giang	Thu từ quỹ phòng, chống thiên tai được phân bổ cho Uỷ ban nhân dân cấp xã	Tổ chức thu lệ phí phải nộp đầy đủ, kịp thời số tiền lệ phí thu được vào ngân sách nhà nước	Dự toán ngân sách nhà nước phải tổng hợp theo từng khoản thu, chi và theo cơ cấu chi đầu tư phát triển, chi thường xuyên, dự phòng ngân sách	Chi cho các nhiệm vụ cần thiết thuộc nhiệm vụ chi của ngân sách cấp xã mà chưa được dự toán	Uỷ ban nhân dân cấp xã	Cơ quan cấp trên	20 / 60
31/08/2026 16:54:45	Phạm Hồng Anh	Phó Chủ tịch UBND	Xã Hiệp Đức	Lệ phí do các cơ quan nhà nước thuộc cấp xã thực hiện thu	Tổ chức thu phí, lệ phí thực hiện lập và cấp chứng từ thu phí, lệ phí cho người nộp phí, lệ phí theo quy định của Chính phủ về hóa đơn, chứng từ và thủ tục hành chính thuộc lĩnh vực Kho bạc Nhà nước	Dự toán chi đầu tư phát triển được lập trên cơ sở trên cơ sở kế hoạch đầu tư trung hạn nguồn ngân sách nhà nước khả năng cân đối các nguồn lực trong năm dự toán, quy định của pháp luật	Chi hỗ trợ hoạt động thường xuyên cho các đơn vị thuộc cấp tỉnh quản lý đóng trên địa bàn	Hội đồng nhân dân cấp xã	Kho bạc nhà nước	10 / 60
31/08/2026 16:55:30	Vũ Hồng Anh	Chủ tịch UBND	Xã Việt An	Tiền thu từ xử phạt vi phạm hành chính, xử phạt khác theo quy định của pháp luật do các cơ quan nhà nước cấp xã thực hiện	Người nộp phí, lệ phí thực hiện khai (nếu có), nộp phí, lệ phí theo tháng, quý, năm hoặc theo từng lần phát sinh	Xây dựng dự toán ngân sách cấp xã đảm bảo dự phòng ngân sách đạt 2% tổng chi ngân sách cấp xã (bao gồm chi bổ sung có mục tiêu từ ngân sách cấp trên)	Chi phòng, chống, khắc phục hậu quả thiên tai, thảm họa, dịch bệnh, cứu đói	Thường trực Hội đồng nhân dân cấp xã	Thanh tra tài chính	10 / 60
31/08/2026 16:56:15	Hoàng Hồng Anh	Trưởng phòng Tài chính	Xã Phước Trà	Thu từ quỹ đất công ích và thu hoa lợi công sản khác	Phí thu từ các hoạt động dịch vụ do cơ quan nhà nước cấp xã thực hiện phải nộp vào ngân sách nhà nước, trường hợp được khoán chi phí hoạt động từ nguồn thu phí thì được khấu trừ theo tỷ lệ xác định quy định; phần còn lại (nếu có) nộp ngân sách nhà nước	Dự toán thu phải thể hiện đầy đủ các khoản thu, sát khả năng thực tế	Chi cho nhiệm vụ quan trọng về quốc phòng, an ninh	Cơ quan tài chính cấp xã	Cơ quan tài chính cấp xã	20 / 60
31/08/2026 16:57:00	Phan Hồng Anh	Phó Trưởng phòng Tài chính	Xã Khâm Đức	Thu từ quỹ phòng, chống thiên tai được phân bổ cho Uỷ ban nhân dân cấp xã	Tổ chức thu lệ phí phải nộp đầy đủ, kịp thời số tiền lệ phí thu được vào ngân sách nhà nước	Dự toán ngân sách nhà nước phải tổng hợp theo từng khoản thu, chi và theo cơ cấu chi đầu tư phát triển, chi thường xuyên, dự phòng ngân sách	Chi cho các nhiệm vụ cần thiết thuộc nhiệm vụ chi của ngân sách cấp xã mà chưa được dự toán	Uỷ ban nhân dân cấp xã	Cơ quan cấp trên	20 / 60
31/08/2026 16:57:45	Bùi Hồng Anh	Công chức Văn phòng - Thống kê	Xã Phước Năng	Lệ phí do các cơ quan nhà nước thuộc cấp xã thực hiện thu	Tổ chức thu phí, lệ phí thực hiện lập và cấp chứng từ thu phí, lệ phí cho người nộp phí, lệ phí theo quy định của Chính phủ về hóa đơn, chứng từ và thủ tục hành chính thuộc lĩnh vực Kho bạc Nhà nước	Dự toán chi đầu tư phát triển được lập trên cơ sở trên cơ sở kế hoạch đầu tư trung hạn nguồn ngân sách nhà nước khả năng cân đối các nguồn lực trong năm dự toán, quy định của pháp luật	Chi hỗ trợ hoạt động thường xuyên cho các đơn vị thuộc cấp tỉnh quản lý đóng trên địa bàn	Hội đồng nhân dân cấp xã	Kho bạc nhà nước	10 / 60
31/08/2026 16:58:30	Đặng Hồng Anh	Công chức Địa chính - Xây dựng	Xã Phước Chánh	Tiền thu từ xử phạt vi phạm hành chính, xử phạt khác theo quy định của pháp luật do các cơ quan nhà nước cấp xã thực hiện	Người nộp phí, lệ phí thực hiện khai (nếu có), nộp phí, lệ phí theo tháng, quý, năm hoặc theo từng lần phát sinh	Xây dựng dự toán ngân sách cấp xã đảm bảo dự phòng ngân sách đạt 2% tổng chi ngân sách cấp xã (bao gồm chi bổ sung có mục tiêu từ ngân sách cấp trên)	Chi phòng, chống, khắc phục hậu quả thiên tai, thảm họa, dịch bệnh, cứu đói	Thường trực Hội đồng nhân dân cấp xã	Thanh tra tài chính	10 / 60
31/08/2026 16:59:15	Đỗ Hồng Anh	Phó Chủ tịch HĐND	Xã Phước Thành	Thu từ quỹ đất công ích và thu hoa lợi công sản khác	Phí thu từ các hoạt động dịch vụ do cơ quan nhà nước cấp xã thực hiện phải nộp vào ngân sách nhà nước, trường hợp được khoán chi phí hoạt động từ nguồn thu phí thì được khấu trừ theo tỷ lệ xác định quy định; phần còn lại (nếu có) nộp ngân sách nhà nước	Dự toán thu phải thể hiện đầy đủ các khoản thu, sát khả năng thực tế	Chi cho nhiệm vụ quan trọng về quốc phòng, an ninh	Cơ quan tài chính cấp xã	Cơ quan tài chính cấp xã	20 / 60
31/08/2026 17:00:00	Hồ Hồng Anh	Công chức Tài chính - Kế toán	Xã Phước Hiệp	Thu từ quỹ phòng, chống thiên tai được phân bổ cho Uỷ ban nhân dân cấp xã	Tổ chức thu lệ phí phải nộp đầy đủ, kịp thời số tiền lệ phí thu được vào ngân sách nhà nước	Dự toán ngân sách nhà nước phải tổng hợp theo từng khoản thu, chi và theo cơ cấu chi đầu tư phát triển, chi thường xuyên, dự phòng ngân sách	Chi cho các nhiệm vụ cần thiết thuộc nhiệm vụ chi của ngân sách cấp xã mà chưa được dự toán	Uỷ ban nhân dân cấp xã	Cơ quan cấp trên	20 / 60
31/08/2026 17:00:45	Ngo Hồng Anh	Chuyên viên	Xã Lãnh Ngọc	Lệ phí do các cơ quan nhà nước thuộc cấp xã thực hiện thu	Tổ chức thu phí, lệ phí thực hiện lập và cấp chứng từ thu phí, lệ phí cho người nộp phí, lệ phí theo quy định của Chính phủ về hóa đơn, chứng từ và thủ tục hành chính thuộc lĩnh vực Kho bạc Nhà nước	Dự toán chi đầu tư phát triển được lập trên cơ sở trên cơ sở kế hoạch đầu tư trung hạn nguồn ngân sách nhà nước khả năng cân đối các nguồn lực trong năm dự toán, quy định của pháp luật	Chi hỗ trợ hoạt động thường xuyên cho các đơn vị thuộc cấp tỉnh quản lý đóng trên địa bàn	Hội đồng nhân dân cấp xã	Kho bạc nhà nước	10 / 60
31/08/2026 17:01:30	Dương Hồng Anh	Kế toán trưởng	Sở Tài chính	Tiền thu từ xử phạt vi phạm hành chính, xử phạt khác theo quy định của pháp luật do các cơ quan nhà nước cấp xã thực hiện	Người nộp phí, lệ phí thực hiện khai (nếu có), nộp phí, lệ phí theo tháng, quý, năm hoặc theo từng lần phát sinh	Xây dựng dự toán ngân sách cấp xã đảm bảo dự phòng ngân sách đạt 2% tổng chi ngân sách cấp xã (bao gồm chi bổ sung có mục tiêu từ ngân sách cấp trên)	Chi phòng, chống, khắc phục hậu quả thiên tai, thảm họa, dịch bệnh, cứu đói	Thường trực Hội đồng nhân dân cấp xã	Thanh tra tài chính	10 / 60
31/08/2026 17:02:15	Đinh Hồng Anh	Phó Chủ tịch UBND	Phường Hải Châu	Thu từ quỹ đất công ích và thu hoa lợi công sản khác	Phí thu từ các hoạt động dịch vụ do cơ quan nhà nước cấp xã thực hiện phải nộp vào ngân sách nhà nước, trường hợp được khoán chi phí hoạt động từ nguồn thu phí thì được khấu trừ theo tỷ lệ xác định quy định; phần còn lại (nếu có) nộp ngân sách nhà nước	Dự toán thu phải thể hiện đầy đủ các khoản thu, sát khả năng thực tế	Chi cho nhiệm vụ quan trọng về quốc phòng, an ninh	Cơ quan tài chính cấp xã	Cơ quan tài chính cấp xã	20 / 60
31/08/2026 17:03:00	Trương Hồng Anh	Chủ tịch UBND	Phường Hòa Cường	Thu từ quỹ phòng, chống thiên tai được phân bổ cho Uỷ ban nhân dân cấp xã	Tổ chức thu lệ phí phải nộp đầy đủ, kịp thời số tiền lệ phí thu được vào ngân sách nhà nước	Dự toán ngân sách nhà nước phải tổng hợp theo từng khoản thu, chi và theo cơ cấu chi đầu tư phát triển, chi thường xuyên, dự phòng ngân sách	Chi cho các nhiệm vụ cần thiết thuộc nhiệm vụ chi của ngân sách cấp xã mà chưa được dự toán	Uỷ ban nhân dân cấp xã	Cơ quan cấp trên	20 / 60
31/08/2026 17:03:45	Nguyễn Anh Anh	Trưởng phòng Tài chính	Phường Thanh Khê	Lệ phí do các cơ quan nhà nước thuộc cấp xã thực hiện thu	Tổ chức thu phí, lệ phí thực hiện lập và cấp chứng từ thu phí, lệ phí cho người nộp phí, lệ phí theo quy định của Chính phủ về hóa đơn, chứng từ và thủ tục hành chính thuộc lĩnh vực Kho bạc Nhà nước	Dự toán chi đầu tư phát triển được lập trên cơ sở trên cơ sở kế hoạch đầu tư trung hạn nguồn ngân sách nhà nước khả năng cân đối các nguồn lực trong năm dự toán, quy định của pháp luật	Chi hỗ trợ hoạt động thường xuyên cho các đơn vị thuộc cấp tỉnh quản lý đóng trên địa bàn	Hội đồng nhân dân cấp xã	Kho bạc nhà nước	10 / 60
31/08/2026 17:04:30	Trần Anh Anh	Phó Trưởng phòng Tài chính	Phường An Khê	Tiền thu từ xử phạt vi phạm hành chính, xử phạt khác theo quy định của pháp luật do các cơ quan nhà nước cấp xã thực hiện	Người nộp phí, lệ phí thực hiện khai (nếu có), nộp phí, lệ phí theo tháng, quý, năm hoặc theo từng lần phát sinh	Xây dựng dự toán ngân sách cấp xã đảm bảo dự phòng ngân sách đạt 2% tổng chi ngân sách cấp xã (bao gồm chi bổ sung có mục tiêu từ ngân sách cấp trên)	Chi phòng, chống, khắc phục hậu quả thiên tai, thảm họa, dịch bệnh, cứu đói	Thường trực Hội đồng nhân dân cấp xã	Thanh tra tài chính	10 / 60
31/08/2026 17:05:15	Lê Anh Anh	Công chức Văn phòng - Thống kê	Phường An Hải	Thu từ quỹ đất công ích và thu hoa lợi công sản khác	Phí thu từ các hoạt động dịch vụ do cơ quan nhà nước cấp xã thực hiện phải nộp vào ngân sách nhà nước, trường hợp được khoán chi phí hoạt động từ nguồn thu phí thì được khấu trừ theo tỷ lệ xác định quy định; phần còn lại (nếu có) nộp ngân sách nhà nước	Dự toán thu phải thể hiện đầy đủ các khoản thu, sát khả năng thực tế	Chi cho nhiệm vụ quan trọng về quốc phòng, an ninh	Cơ quan tài chính cấp xã	Cơ quan tài chính cấp xã	20 / 60
31/08/2026 17:06:00	Phạm Anh Anh	Công chức Địa chính - Xây dựng	Phường Sơn Trà	Thu từ quỹ phòng, chống thiên tai được phân bổ cho Uỷ ban nhân dân cấp xã	Tổ chức thu lệ phí phải nộp đầy đủ, kịp thời số tiền lệ phí thu được vào ngân sách nhà nước	Dự toán ngân sách nhà nước phải tổng hợp theo từng khoản thu, chi và theo cơ cấu chi đầu tư phát triển, chi thường xuyên, dự phòng ngân sách	Chi cho các nhiệm vụ cần thiết thuộc nhiệm vụ chi của ngân sách cấp xã mà chưa được dự toán	Uỷ ban nhân dân cấp xã	Cơ quan cấp trên	20 / 60
31/08/2026 17:06:45	Vũ Anh Anh	Phó Chủ tịch HĐND	Phường Ngũ Hành Sơn	Lệ phí do các cơ quan nhà nước thuộc cấp xã thực hiện thu	Tổ chức thu phí, lệ phí thực hiện lập và cấp chứng từ thu phí, lệ phí cho người nộp phí, lệ phí theo quy định của Chính phủ về hóa đơn, chứng từ và thủ tục hành chính thuộc lĩnh vực Kho bạc Nhà nước	Dự toán chi đầu tư phát triển được lập trên cơ sở trên cơ sở kế hoạch đầu tư trung hạn nguồn ngân sách nhà nước khả năng cân đối các nguồn lực trong năm dự toán, quy định của pháp luật	Chi hỗ trợ hoạt động thường xuyên cho các đơn vị thuộc cấp tỉnh quản lý đóng trên địa bàn	Hội đồng nhân dân cấp xã	Kho bạc nhà nước	10 / 60
31/08/2026 17:07:30	Hoàng Anh Anh	Công chức Tài chính - Kế toán	Phường Hòa Khánh	Tiền thu từ xử phạt vi phạm hành chính, xử phạt khác theo quy định của pháp luật do các cơ quan nhà nước cấp xã thực hiện	Người nộp phí, lệ phí thực hiện khai (nếu có), nộp phí, lệ phí theo tháng, quý, năm hoặc theo từng lần phát sinh	Xây dựng dự toán ngân sách cấp xã đảm bảo dự phòng ngân sách đạt 2% tổng chi ngân sách cấp xã (bao gồm chi bổ sung có mục tiêu từ ngân sách cấp trên)	Chi phòng, chống, khắc phục hậu quả thiên tai, thảm họa, dịch bệnh, cứu đói	Thường trực Hội đồng nhân dân cấp xã	Thanh tra tài chính	10 / 60
31/08/2026 17:08:15	Phan Anh Anh	Chuyên viên	Phường Liên Chiểu	Thu từ quỹ đất công ích và thu hoa lợi công sản khác	Phí thu từ các hoạt động dịch vụ do cơ quan nhà nước cấp xã thực hiện phải nộp vào ngân sách nhà nước, trường hợp được khoán chi phí hoạt động từ nguồn thu phí thì được khấu trừ theo tỷ lệ xác định quy định; phần còn lại (nếu có) nộp ngân sách nhà nước	Dự toán thu phải thể hiện đầy đủ các khoản thu, sát khả năng thực tế	Chi cho nhiệm vụ quan trọng về quốc phòng, an ninh	Cơ quan tài chính cấp xã	Cơ quan tài chính cấp xã	20 / 60
31/08/2026 17:09:00	Bùi Anh Anh	Kế toán trưởng	Phường Hải Vân	Thu từ quỹ phòng, chống thiên tai được phân bổ cho Uỷ ban nhân dân cấp xã	Tổ chức thu lệ phí phải nộp đầy đủ, kịp thời số tiền lệ phí thu được vào ngân sách nhà nước	Dự toán ngân sách nhà nước phải tổng hợp theo từng khoản thu, chi và theo cơ cấu chi đầu tư phát triển, chi thường xuyên, dự phòng ngân sách	Chi cho các nhiệm vụ cần thiết thuộc nhiệm vụ chi của ngân sách cấp xã mà chưa được dự toán	Uỷ ban nhân dân cấp xã	Cơ quan cấp trên	20 / 60
31/08/2026 17:09:45	Đặng Anh Anh	Phó Chủ tịch UBND	Phường Tam Kỳ	Lệ phí do các cơ quan nhà nước thuộc cấp xã thực hiện thu	Tổ chức thu phí, lệ phí thực hiện lập và cấp chứng từ thu phí, lệ phí cho người nộp phí, lệ phí theo quy định của Chính phủ về hóa đơn, chứng từ và thủ tục hành chính thuộc lĩnh vực Kho bạc Nhà nước	Dự toán chi đầu tư phát triển được lập trên cơ sở trên cơ sở kế hoạch đầu tư trung hạn nguồn ngân sách nhà nước khả năng cân đối các nguồn lực trong năm dự toán, quy định của pháp luật	Chi hỗ trợ hoạt động thường xuyên cho các đơn vị thuộc cấp tỉnh quản lý đóng trên địa bàn	Hội đồng nhân dân cấp xã	Kho bạc nhà nước	10 / 60
31/08/2026 17:10:30	Đỗ Anh Anh	Chủ tịch UBND	Phường Quảng Phú	Tiền thu từ xử phạt vi phạm hành chính, xử phạt khác theo quy định của pháp luật do các cơ quan nhà nước cấp xã thực hiện	Người nộp phí, lệ phí thực hiện khai (nếu có), nộp phí, lệ phí theo tháng, quý, năm hoặc theo từng lần phát sinh	Xây dựng dự toán ngân sách cấp xã đảm bảo dự phòng ngân sách đạt 2% tổng chi ngân sách cấp xã (bao gồm chi bổ sung có mục tiêu từ ngân sách cấp trên)	Chi phòng, chống, khắc phục hậu quả thiên tai, thảm họa, dịch bệnh, cứu đói	Thường trực Hội đồng nhân dân cấp xã	Thanh tra tài chính	10 / 60
31/08/2026 17:11:15	Hồ Anh Anh	Trưởng phòng Tài chính	Phường Hương Trà	Thu từ quỹ đất công ích và thu hoa lợi công sản khác	Phí thu từ các hoạt động dịch vụ do cơ quan nhà nước cấp xã thực hiện phải nộp vào ngân sách nhà nước, trường hợp được khoán chi phí hoạt động từ nguồn thu phí thì được khấu trừ theo tỷ lệ xác định quy định; phần còn lại (nếu có) nộp ngân sách nhà nước	Dự toán thu phải thể hiện đầy đủ các khoản thu, sát khả năng thực tế	Chi cho nhiệm vụ quan trọng về quốc phòng, an ninh	Cơ quan tài chính cấp xã	Cơ quan tài chính cấp xã	20 / 60
31/08/2026 17:12:00	Ngo Anh Anh	Phó Trưởng phòng Tài chính	Phường Bàn Thạch	Thu từ quỹ phòng, chống thiên tai được phân bổ cho Uỷ ban nhân dân cấp xã	Tổ chức thu lệ phí phải nộp đầy đủ, kịp thời số tiền lệ phí thu được vào ngân sách nhà nước	Dự toán ngân sách nhà nước phải tổng hợp theo từng khoản thu, chi và theo cơ cấu chi đầu tư phát triển, chi thường xuyên, dự phòng ngân sách	Chi cho các nhiệm vụ cần thiết thuộc nhiệm vụ chi của ngân sách cấp xã mà chưa được dự toán	Uỷ ban nhân dân cấp xã	Cơ quan cấp trên	20 / 60
31/08/2026 17:12:45	Dương Anh Anh	Công chức Văn phòng - Thống kê	Phường Điện Bàn	Lệ phí do các cơ quan nhà nước thuộc cấp xã thực hiện thu	Tổ chức thu phí, lệ phí thực hiện lập và cấp chứng từ thu phí, lệ phí cho người nộp phí, lệ phí theo quy định của Chính phủ về hóa đơn, chứng từ và thủ tục hành chính thuộc lĩnh vực Kho bạc Nhà nước	Dự toán chi đầu tư phát triển được lập trên cơ sở trên cơ sở kế hoạch đầu tư trung hạn nguồn ngân sách nhà nước khả năng cân đối các nguồn lực trong năm dự toán, quy định của pháp luật	Chi hỗ trợ hoạt động thường xuyên cho các đơn vị thuộc cấp tỉnh quản lý đóng trên địa bàn	Hội đồng nhân dân cấp xã	Kho bạc nhà nước	10 / 60
31/08/2026 17:13:30	Đinh Anh Anh	Công chức Địa chính - Xây dựng	Phường Điện Bàn Đông	Tiền thu từ xử phạt vi phạm hành chính, xử phạt khác theo quy định của pháp luật do các cơ quan nhà nước cấp xã thực hiện	Người nộp phí, lệ phí thực hiện khai (nếu có), nộp phí, lệ phí theo tháng, quý, năm hoặc theo từng lần phát sinh	Xây dựng dự toán ngân sách cấp xã đảm bảo dự phòng ngân sách đạt 2% tổng chi ngân sách cấp xã (bao gồm chi bổ sung có mục tiêu từ ngân sách cấp trên)	Chi phòng, chống, khắc phục hậu quả thiên tai, thảm họa, dịch bệnh, cứu đói	Thường trực Hội đồng nhân dân cấp xã	Thanh tra tài chính	10 / 60
31/08/2026 17:14:15	Trương Anh Anh	Phó Chủ tịch HĐND	Phường An Thắng	Thu từ quỹ đất công ích và thu hoa lợi công sản khác	Phí thu từ các hoạt động dịch vụ do cơ quan nhà nước cấp xã thực hiện phải nộp vào ngân sách nhà nước, trường hợp được khoán chi phí hoạt động từ nguồn thu phí thì được khấu trừ theo tỷ lệ xác định quy định; phần còn lại (nếu có) nộp ngân sách nhà nước	Dự toán thu phải thể hiện đầy đủ các khoản thu, sát khả năng thực tế	Chi cho nhiệm vụ quan trọng về quốc phòng, an ninh	Cơ quan tài chính cấp xã	Cơ quan tài chính cấp xã	20 / 60
31/08/2026 17:15:00	Nguyễn Quang Anh	Công chức Tài chính - Kế toán	Phường Điện Bàn Bắc	Thu từ quỹ phòng, chống thiên tai được phân bổ cho Uỷ ban nhân dân cấp xã	Tổ chức thu lệ phí phải nộp đầy đủ, kịp thời số tiền lệ phí thu được vào ngân sách nhà nước	Dự toán ngân sách nhà nước phải tổng hợp theo từng khoản thu, chi và theo cơ cấu chi đầu tư phát triển, chi thường xuyên, dự phòng ngân sách	Chi cho các nhiệm vụ cần thiết thuộc nhiệm vụ chi của ngân sách cấp xã mà chưa được dự toán	Uỷ ban nhân dân cấp xã	Cơ quan cấp trên	20 / 60
31/08/2026 17:15:45	Trần Quang Anh	Chuyên viên	Phường Hội An	Lệ phí do các cơ quan nhà nước thuộc cấp xã thực hiện thu	Tổ chức thu phí, lệ phí thực hiện lập và cấp chứng từ thu phí, lệ phí cho người nộp phí, lệ phí theo quy định của Chính phủ về hóa đơn, chứng từ và thủ tục hành chính thuộc lĩnh vực Kho bạc Nhà nước	Dự toán chi đầu tư phát triển được lập trên cơ sở trên cơ sở kế hoạch đầu tư trung hạn nguồn ngân sách nhà nước khả năng cân đối các nguồn lực trong năm dự toán, quy định của pháp luật	Chi hỗ trợ hoạt động thường xuyên cho các đơn vị thuộc cấp tỉnh quản lý đóng trên địa bàn	Hội đồng nhân dân cấp xã	Kho bạc nhà nước	10 / 60
31/08/2026 17:16:30	Lê Quang Anh	Kế toán trưởng	Phường Hội An Đông	Tiền thu từ xử phạt vi phạm hành chính, xử phạt khác theo quy định của pháp luật do các cơ quan nhà nước cấp xã thực hiện	Người nộp phí, lệ phí thực hiện khai (nếu có), nộp phí, lệ phí theo tháng, quý, năm hoặc theo từng lần phát sinh	Xây dựng dự toán ngân sách cấp xã đảm bảo dự phòng ngân sách đạt 2% tổng chi ngân sách cấp xã (bao gồm chi bổ sung có mục tiêu từ ngân sách cấp trên)	Chi phòng, chống, khắc phục hậu quả thiên tai, thảm họa, dịch bệnh, cứu đói	Thường trực Hội đồng nhân dân cấp xã	Thanh tra tài chính	10 / 60
31/08/2026 17:17:15	Phạm Quang Anh	Phó Chủ tịch UBND	Phường Hội An Tây	Thu từ quỹ đất công ích và thu hoa lợi công sản khác	Phí thu từ các hoạt động dịch vụ do cơ quan nhà nước cấp xã thực hiện phải nộp vào ngân sách nhà nước, trường hợp được khoán chi phí hoạt động từ nguồn thu phí thì được khấu trừ theo tỷ lệ xác định quy định; phần còn lại (nếu có) nộp ngân sách nhà nước	Dự toán thu phải thể hiện đầy đủ các khoản thu, sát khả năng thực tế	Chi cho nhiệm vụ quan trọng về quốc phòng, an ninh	Cơ quan tài chính cấp xã	Cơ quan tài chính cấp xã	20 / 60
31/08/2026 17:18:00	Vũ Quang Anh	Chủ tịch UBND	Xã Hòa Vang	Thu từ quỹ phòng, chống thiên tai được phân bổ cho Uỷ ban nhân dân cấp xã	Tổ chức thu lệ phí phải nộp đầy đủ, kịp thời số tiền lệ phí thu được vào ngân sách nhà nước	Dự toán ngân sách nhà nước phải tổng hợp theo từng khoản thu, chi và theo cơ cấu chi đầu tư phát triển, chi thường xuyên, dự phòng ngân sách	Chi cho các nhiệm vụ cần thiết thuộc nhiệm vụ chi của ngân sách cấp xã mà chưa được dự toán	Uỷ ban nhân dân cấp xã	Cơ quan cấp trên	20 / 60
31/08/2026 17:18:45	Hoàng Quang Anh	Trưởng phòng Tài chính	Xã Hòa Tiến	Lệ phí do các cơ quan nhà nước thuộc cấp xã thực hiện thu	Tổ chức thu phí, lệ phí thực hiện lập và cấp chứng từ thu phí, lệ phí cho người nộp phí, lệ phí theo quy định của Chính phủ về hóa đơn, chứng từ và thủ tục hành chính thuộc lĩnh vực Kho bạc Nhà nước	Dự toán chi đầu tư phát triển được lập trên cơ sở trên cơ sở kế hoạch đầu tư trung hạn nguồn ngân sách nhà nước khả năng cân đối các nguồn lực trong năm dự toán, quy định của pháp luật	Chi hỗ trợ hoạt động thường xuyên cho các đơn vị thuộc cấp tỉnh quản lý đóng trên địa bàn	Hội đồng nhân dân cấp xã	Kho bạc nhà nước	10 / 60
31/08/2026 17:19:30	Phan Quang Anh	Phó Trưởng phòng Tài chính	Xã Bà Nà	Tiền thu từ xử phạt vi phạm hành chính, xử phạt khác theo quy định của pháp luật do các cơ quan nhà nước cấp xã thực hiện	Người nộp phí, lệ phí thực hiện khai (nếu có), nộp phí, lệ phí theo tháng, quý, năm hoặc theo từng lần phát sinh	Xây dựng dự toán ngân sách cấp xã đảm bảo dự phòng ngân sách đạt 2% tổng chi ngân sách cấp xã (bao gồm chi bổ sung có mục tiêu từ ngân sách cấp trên)	Chi phòng, chống, khắc phục hậu quả thiên tai, thảm họa, dịch bệnh, cứu đói	Thường trực Hội đồng nhân dân cấp xã	Thanh tra tài chính	10 / 60
31/08/2026 17:20:15	Bùi Quang Anh	Công chức Văn phòng - Thống kê	Xã Tam Anh	Thu từ quỹ đất công ích và thu hoa lợi công sản khác	Phí thu từ các hoạt động dịch vụ do cơ quan nhà nước cấp xã thực hiện phải nộp vào ngân sách nhà nước, trường hợp được khoán chi phí hoạt động từ nguồn thu phí thì được khấu trừ theo tỷ lệ xác định quy định; phần còn lại (nếu có) nộp ngân sách nhà nước	Dự toán thu phải thể hiện đầy đủ các khoản thu, sát khả năng thực tế	Chi cho nhiệm vụ quan trọng về quốc phòng, an ninh	Cơ quan tài chính cấp xã	Cơ quan tài chính cấp xã	20 / 60
31/08/2026 17:21:00	Đặng Quang Anh	Công chức Địa chính - Xây dựng	Xã Tam Xuân	Thu từ quỹ phòng, chống thiên tai được phân bổ cho Uỷ ban nhân dân cấp xã	Tổ chức thu lệ phí phải nộp đầy đủ, kịp thời số tiền lệ phí thu được vào ngân sách nhà nước	Dự toán ngân sách nhà nước phải tổng hợp theo từng khoản thu, chi và theo cơ cấu chi đầu tư phát triển, chi thường xuyên, dự phòng ngân sách	Chi cho các nhiệm vụ cần thiết thuộc nhiệm vụ chi của ngân sách cấp xã mà chưa được dự toán	Uỷ ban nhân dân cấp xã	Cơ quan cấp trên	20 / 60
31/08/2026 17:21:45	Đỗ Quang Anh	Phó Chủ tịch HĐND	Xã Tây Hồ	Lệ phí do các cơ quan nhà nước thuộc cấp xã thực hiện thu	Tổ chức thu phí, lệ phí thực hiện lập và cấp chứng từ thu phí, lệ phí cho người nộp phí, lệ phí theo quy định của Chính phủ về hóa đơn, chứng từ và thủ tục hành chính thuộc lĩnh vực Kho bạc Nhà nước	Dự toán chi đầu tư phát triển được lập trên cơ sở trên cơ sở kế hoạch đầu tư trung hạn nguồn ngân sách nhà nước khả năng cân đối các nguồn lực trong năm dự toán, quy định của pháp luật	Chi hỗ trợ hoạt động thường xuyên cho các đơn vị thuộc cấp tỉnh quản lý đóng trên địa bàn	Hội đồng nhân dân cấp xã	Kho bạc nhà nước	10 / 60
31/08/2026 17:22:30	Hồ Quang Anh	Công chức Tài chính - Kế toán	Xã Chiên Đàn	Tiền thu từ xử phạt vi phạm hành chính, xử phạt khác theo quy định của pháp luật do các cơ quan nhà nước cấp xã thực hiện	Người nộp phí, lệ phí thực hiện khai (nếu có), nộp phí, lệ phí theo tháng, quý, năm hoặc theo từng lần phát sinh	Xây dựng dự toán ngân sách cấp xã đảm bảo dự phòng ngân sách đạt 2% tổng chi ngân sách cấp xã (bao gồm chi bổ sung có mục tiêu từ ngân sách cấp trên)	Chi phòng, chống, khắc phục hậu quả thiên tai, thảm họa, dịch bệnh, cứu đói	Thường trực Hội đồng nhân dân cấp xã	Thanh tra tài chính	10 / 60
31/08/2026 17:23:15	Ngo Quang Anh	Chuyên viên	Xã Tiên Phước	Thu từ quỹ đất công ích và thu hoa lợi công sản khác	Phí thu từ các hoạt động dịch vụ do cơ quan nhà nước cấp xã thực hiện phải nộp vào ngân sách nhà nước, trường hợp được khoán chi phí hoạt động từ nguồn thu phí thì được khấu trừ theo tỷ lệ xác định quy định; phần còn lại (nếu có) nộp ngân sách nhà nước	Dự toán thu phải thể hiện đầy đủ các khoản thu, sát khả năng thực tế	Chi cho nhiệm vụ quan trọng về quốc phòng, an ninh	Cơ quan tài chính cấp xã	Cơ quan tài chính cấp xã	20 / 60
31/08/2026 17:24:00	Dương Quang Anh	Kế toán trưởng	Xã Thạnh Bình	Thu từ quỹ phòng, chống thiên tai được phân bổ cho Uỷ ban nhân dân cấp xã	Tổ chức thu lệ phí phải nộp đầy đủ, kịp thời số tiền lệ phí thu được vào ngân sách nhà nước	Dự toán ngân sách nhà nước phải tổng hợp theo từng khoản thu, chi và theo cơ cấu chi đầu tư phát triển, chi thường xuyên, dự phòng ngân sách	Chi cho các nhiệm vụ cần thiết thuộc nhiệm vụ chi của ngân sách cấp xã mà chưa được dự toán	Uỷ ban nhân dân cấp xã	Cơ quan cấp trên	20 / 60
31/08/2026 17:24:45	Đinh Quang Anh	Phó Chủ tịch UBND	Xã Sơn Cẩm Hà	Lệ phí do các cơ quan nhà nước thuộc cấp xã thực hiện thu	Tổ chức thu phí, lệ phí thực hiện lập và cấp chứng từ thu phí, lệ phí cho người nộp phí, lệ phí theo quy định của Chính phủ về hóa đơn, chứng từ và thủ tục hành chính thuộc lĩnh vực Kho bạc Nhà nước	Dự toán chi đầu tư phát triển được lập trên cơ sở trên cơ sở kế hoạch đầu tư trung hạn nguồn ngân sách nhà nước khả năng cân đối các nguồn lực trong năm dự toán, quy định của pháp luật	Chi hỗ trợ hoạt động thường xuyên cho các đơn vị thuộc cấp tỉnh quản lý đóng trên địa bàn	Hội đồng nhân dân cấp xã	Kho bạc nhà nước	10 / 60
31/08/2026 17:25:30	Trương Quang Anh	Chủ tịch UBND	Xã Trà Liên	Tiền thu từ xử phạt vi phạm hành chính, xử phạt khác theo quy định của pháp luật do các cơ quan nhà nước cấp xã thực hiện	Người nộp phí, lệ phí thực hiện khai (nếu có), nộp phí, lệ phí theo tháng, quý, năm hoặc theo từng lần phát sinh	Xây dựng dự toán ngân sách cấp xã đảm bảo dự phòng ngân sách đạt 2% tổng chi ngân sách cấp xã (bao gồm chi bổ sung có mục tiêu từ ngân sách cấp trên)	Chi phòng, chống, khắc phục hậu quả thiên tai, thảm họa, dịch bệnh, cứu đói	Thường trực Hội đồng nhân dân cấp xã	Thanh tra tài chính	10 / 60
31/08/2026 17:26:15	Nguyễn Đình Anh	Trưởng phòng Tài chính	Xã Trà Giáp	Thu từ quỹ đất công ích và thu hoa lợi công sản khác	Phí thu từ các hoạt động dịch vụ do cơ quan nhà nước cấp xã thực hiện phải nộp vào ngân sách nhà nước, trường hợp được khoán chi phí hoạt động từ nguồn thu phí thì được khấu trừ theo tỷ lệ xác định quy định; phần còn lại (nếu có) nộp ngân sách nhà nước	Dự toán thu phải thể hiện đầy đủ các khoản thu, sát khả năng thực tế	Chi cho nhiệm vụ quan trọng về quốc phòng, an ninh	Cơ quan tài chính cấp xã	Cơ quan tài chính cấp xã	20 / 60
31/08/2026 17:27:00	Trần Đình Anh	Phó Trưởng phòng Tài chính	Xã Trà Tân	Thu từ quỹ phòng, chống thiên tai được phân bổ cho Uỷ ban nhân dân cấp xã	Tổ chức thu lệ phí phải nộp đầy đủ, kịp thời số tiền lệ phí thu được vào ngân sách nhà nước	Dự toán ngân sách nhà nước phải tổng hợp theo từng khoản thu, chi và theo cơ cấu chi đầu tư phát triển, chi thường xuyên, dự phòng ngân sách	Chi cho các nhiệm vụ cần thiết thuộc nhiệm vụ chi của ngân sách cấp xã mà chưa được dự toán	Uỷ ban nhân dân cấp xã	Cơ quan cấp trên	20 / 60
31/08/2026 17:27:45	Lê Đình Anh	Công chức Văn phòng - Thống kê	Xã Trà My	Lệ phí do các cơ quan nhà nước thuộc cấp xã thực hiện thu	Tổ chức thu phí, lệ phí thực hiện lập và cấp chứng từ thu phí, lệ phí cho người nộp phí, lệ phí theo quy định của Chính phủ về hóa đơn, chứng từ và thủ tục hành chính thuộc lĩnh vực Kho bạc Nhà nước	Dự toán chi đầu tư phát triển được lập trên cơ sở trên cơ sở kế hoạch đầu tư trung hạn nguồn ngân sách nhà nước khả năng cân đối các nguồn lực trong năm dự toán, quy định của pháp luật	Chi hỗ trợ hoạt động thường xuyên cho các đơn vị thuộc cấp tỉnh quản lý đóng trên địa bàn	Hội đồng nhân dân cấp xã	Kho bạc nhà nước	10 / 60
31/08/2026 17:28:30	Phạm Đình Anh	Công chức Địa chính - Xây dựng	Xã Nam Trà My	Tiền thu từ xử phạt vi phạm hành chính, xử phạt khác theo quy định của pháp luật do các cơ quan nhà nước cấp xã thực hiện	Người nộp phí, lệ phí thực hiện khai (nếu có), nộp phí, lệ phí theo tháng, quý, năm hoặc theo từng lần phát sinh	Xây dựng dự toán ngân sách cấp xã đảm bảo dự phòng ngân sách đạt 2% tổng chi ngân sách cấp xã (bao gồm chi bổ sung có mục tiêu từ ngân sách cấp trên)	Chi phòng, chống, khắc phục hậu quả thiên tai, thảm họa, dịch bệnh, cứu đói	Thường trực Hội đồng nhân dân cấp xã	Thanh tra tài chính	10 / 60
31/08/2026 17:29:15	Vũ Đình Anh	Phó Chủ tịch HĐND	Xã Trà Tập	Thu từ quỹ đất công ích và thu hoa lợi công sản khác	Phí thu từ các hoạt động dịch vụ do cơ quan nhà nước cấp xã thực hiện phải nộp vào ngân sách nhà nước, trường hợp được khoán chi phí hoạt động từ nguồn thu phí thì được khấu trừ theo tỷ lệ xác định quy định; phần còn lại (nếu có) nộp ngân sách nhà nước	Dự toán thu phải thể hiện đầy đủ các khoản thu, sát khả năng thực tế	Chi cho nhiệm vụ quan trọng về quốc phòng, an ninh	Cơ quan tài chính cấp xã	Cơ quan tài chính cấp xã	20 / 60
31/08/2026 17:30:00	Hoàng Đình Anh	Công chức Tài chính - Kế toán	Xã Trà Vân	Thu từ quỹ phòng, chống thiên tai được phân bổ cho Uỷ ban nhân dân cấp xã	Tổ chức thu lệ phí phải nộp đầy đủ, kịp thời số tiền lệ phí thu được vào ngân sách nhà nước	Dự toán ngân sách nhà nước phải tổng hợp theo từng khoản thu, chi và theo cơ cấu chi đầu tư phát triển, chi thường xuyên, dự phòng ngân sách	Chi cho các nhiệm vụ cần thiết thuộc nhiệm vụ chi của ngân sách cấp xã mà chưa được dự toán	Uỷ ban nhân dân cấp xã	Cơ quan cấp trên	20 / 60
31/08/2026 17:30:45	Phan Đình Anh	Chuyên viên	Xã Trà Leng	Lệ phí do các cơ quan nhà nước thuộc cấp xã thực hiện thu	Tổ chức thu phí, lệ phí thực hiện lập và cấp chứng từ thu phí, lệ phí cho người nộp phí, lệ phí theo quy định của Chính phủ về hóa đơn, chứng từ và thủ tục hành chính thuộc lĩnh vực Kho bạc Nhà nước	Dự toán chi đầu tư phát triển được lập trên cơ sở trên cơ sở kế hoạch đầu tư trung hạn nguồn ngân sách nhà nước khả năng cân đối các nguồn lực trong năm dự toán, quy định của pháp luật	Chi hỗ trợ hoạt động thường xuyên cho các đơn vị thuộc cấp tỉnh quản lý đóng trên địa bàn	Hội đồng nhân dân cấp xã	Kho bạc nhà nước	10 / 60
31/08/2026 17:31:30	Bùi Đình Anh	Kế toán trưởng	Xã Thăng Bình	Tiền thu từ xử phạt vi phạm hành chính, xử phạt khác theo quy định của pháp luật do các cơ quan nhà nước cấp xã thực hiện	Người nộp phí, lệ phí thực hiện khai (nếu có), nộp phí, lệ phí theo tháng, quý, năm hoặc theo từng lần phát sinh	Xây dựng dự toán ngân sách cấp xã đảm bảo dự phòng ngân sách đạt 2% tổng chi ngân sách cấp xã (bao gồm chi bổ sung có mục tiêu từ ngân sách cấp trên)	Chi phòng, chống, khắc phục hậu quả thiên tai, thảm họa, dịch bệnh, cứu đói	Thường trực Hội đồng nhân dân cấp xã	Thanh tra tài chính	10 / 60
31/08/2026 17:32:15	Đặng Đình Anh	Phó Chủ tịch UBND	Xã Thăng An	Thu từ quỹ đất công ích và thu hoa lợi công sản khác	Phí thu từ các hoạt động dịch vụ do cơ quan nhà nước cấp xã thực hiện phải nộp vào ngân sách nhà nước, trường hợp được khoán chi phí hoạt động từ nguồn thu phí thì được khấu trừ theo tỷ lệ xác định quy định; phần còn lại (nếu có) nộp ngân sách nhà nước	Dự toán thu phải thể hiện đầy đủ các khoản thu, sát khả năng thực tế	Chi cho nhiệm vụ quan trọng về quốc phòng, an ninh	Cơ quan tài chính cấp xã	Cơ quan tài chính cấp xã	20 / 60
31/08/2026 17:33:00	Đỗ Đình Anh	Chủ tịch UBND	Xã Thăng Trường	Thu từ quỹ phòng, chống thiên tai được phân bổ cho Uỷ ban nhân dân cấp xã	Tổ chức thu lệ phí phải nộp đầy đủ, kịp thời số tiền lệ phí thu được vào ngân sách nhà nước	Dự toán ngân sách nhà nước phải tổng hợp theo từng khoản thu, chi và theo cơ cấu chi đầu tư phát triển, chi thường xuyên, dự phòng ngân sách	Chi cho các nhiệm vụ cần thiết thuộc nhiệm vụ chi của ngân sách cấp xã mà chưa được dự toán	Uỷ ban nhân dân cấp xã	Cơ quan cấp trên	20 / 60
31/08/2026 17:33:45	Hồ Đình Anh	Trưởng phòng Tài chính	Xã Thăng Phú	Lệ phí do các cơ quan nhà nước thuộc cấp xã thực hiện thu	Tổ chức thu phí, lệ phí thực hiện lập và cấp chứng từ thu phí, lệ phí cho người nộp phí, lệ phí theo quy định của Chính phủ về hóa đơn, chứng từ và thủ tục hành chính thuộc lĩnh vực Kho bạc Nhà nước	Dự toán chi đầu tư phát triển được lập trên cơ sở trên cơ sở kế hoạch đầu tư trung hạn nguồn ngân sách nhà nước khả năng cân đối các nguồn lực trong năm dự toán, quy định của pháp luật	Chi hỗ trợ hoạt động thường xuyên cho các đơn vị thuộc cấp tỉnh quản lý đóng trên địa bàn	Hội đồng nhân dân cấp xã	Kho bạc nhà nước	10 / 60
31/08/2026 17:34:30	Ngo Đình Anh	Phó Trưởng phòng Tài chính	Xã Đồng Dương	Tiền thu từ xử phạt vi phạm hành chính, xử phạt khác theo quy định của pháp luật do các cơ quan nhà nước cấp xã thực hiện	Người nộp phí, lệ phí thực hiện khai (nếu có), nộp phí, lệ phí theo tháng, quý, năm hoặc theo từng lần phát sinh	Xây dựng dự toán ngân sách cấp xã đảm bảo dự phòng ngân sách đạt 2% tổng chi ngân sách cấp xã (bao gồm chi bổ sung có mục tiêu từ ngân sách cấp trên)	Chi phòng, chống, khắc phục hậu quả thiên tai, thảm họa, dịch bệnh, cứu đói	Thường trực Hội đồng nhân dân cấp xã	Thanh tra tài chính	10 / 60
31/08/2026 17:35:15	Dương Đình Anh	Công chức Văn phòng - Thống kê	Xã Quế Sơn Trung	Thu từ quỹ đất công ích và thu hoa lợi công sản khác	Phí thu từ các hoạt động dịch vụ do cơ quan nhà nước cấp xã thực hiện phải nộp vào ngân sách nhà nước, trường hợp được khoán chi phí hoạt động từ nguồn thu phí thì được khấu trừ theo tỷ lệ xác định quy định; phần còn lại (nếu có) nộp ngân sách nhà nước	Dự toán thu phải thể hiện đầy đủ các khoản thu, sát khả năng thực tế	Chi cho nhiệm vụ quan trọng về quốc phòng, an ninh	Cơ quan tài chính cấp xã	Cơ quan tài chính cấp xã	20 / 60
31/08/2026 17:36:00	Đinh Đình Anh	Công chức Địa chính - Xây dựng	Xã Xuân Phú	Thu từ quỹ phòng, chống thiên tai được phân bổ cho Uỷ ban nhân dân cấp xã	Tổ chức thu lệ phí phải nộp đầy đủ, kịp thời số tiền lệ phí thu được vào ngân sách nhà nước	Dự toán ngân sách nhà nước phải tổng hợp theo từng khoản thu, chi và theo cơ cấu chi đầu tư phát triển, chi thường xuyên, dự phòng ngân sách	Chi cho các nhiệm vụ cần thiết thuộc nhiệm vụ chi của ngân sách cấp xã mà chưa được dự toán	Uỷ ban nhân dân cấp xã	Cơ quan cấp trên	20 / 60
31/08/2026 17:36:45	Trương Đình Anh	Phó Chủ tịch HĐND	Xã Nông Sơn	Lệ phí do các cơ quan nhà nước thuộc cấp xã thực hiện thu	Tổ chức thu phí, lệ phí thực hiện lập và cấp chứng từ thu phí, lệ phí cho người nộp phí, lệ phí theo quy định của Chính phủ về hóa đơn, chứng từ và thủ tục hành chính thuộc lĩnh vực Kho bạc Nhà nước	Dự toán chi đầu tư phát triển được lập trên cơ sở trên cơ sở kế hoạch đầu tư trung hạn nguồn ngân sách nhà nước khả năng cân đối các nguồn lực trong năm dự toán, quy định của pháp luật	Chi hỗ trợ hoạt động thường xuyên cho các đơn vị thuộc cấp tỉnh quản lý đóng trên địa bàn	Hội đồng nhân dân cấp xã	Kho bạc nhà nước	10 / 60
31/08/2026 17:37:30	Nguyễn Hữu Anh	Công chức Tài chính - Kế toán	Xã Quế Phước	Tiền thu từ xử phạt vi phạm hành chính, xử phạt khác theo quy định của pháp luật do các cơ quan nhà nước cấp xã thực hiện	Người nộp phí, lệ phí thực hiện khai (nếu có), nộp phí, lệ phí theo tháng, quý, năm hoặc theo từng lần phát sinh	Xây dựng dự toán ngân sách cấp xã đảm bảo dự phòng ngân sách đạt 2% tổng chi ngân sách cấp xã (bao gồm chi bổ sung có mục tiêu từ ngân sách cấp trên)	Chi phòng, chống, khắc phục hậu quả thiên tai, thảm họa, dịch bệnh, cứu đói	Thường trực Hội đồng nhân dân cấp xã	Thanh tra tài chính	10 / 60
31/08/2026 17:38:15	Trần Hữu Anh	Chuyên viên	Xã Duy Nghĩa	Thu từ quỹ đất công ích và thu hoa lợi công sản khác	Phí thu từ các hoạt động dịch vụ do cơ quan nhà nước cấp xã thực hiện phải nộp vào ngân sách nhà nước, trường hợp được khoán chi phí hoạt động từ nguồn thu phí thì được khấu trừ theo tỷ lệ xác định quy định; phần còn lại (nếu có) nộp ngân sách nhà nước	Dự toán thu phải thể hiện đầy đủ các khoản thu, sát khả năng thực tế	Chi cho nhiệm vụ quan trọng về quốc phòng, an ninh	Cơ quan tài chính cấp xã	Cơ quan tài chính cấp xã	20 / 60
31/08/2026 17:39:00	Lê Hữu Anh	Kế toán trưởng	Xã Nam Phước	Thu từ quỹ phòng, chống thiên tai được phân bổ cho Uỷ ban nhân dân cấp xã	Tổ chức thu lệ phí phải nộp đầy đủ, kịp thời số tiền lệ phí thu được vào ngân sách nhà nước	Dự toán ngân sách nhà nước phải tổng hợp theo từng khoản thu, chi và theo cơ cấu chi đầu tư phát triển, chi thường xuyên, dự phòng ngân sách	Chi cho các nhiệm vụ cần thiết thuộc nhiệm vụ chi của ngân sách cấp xã mà chưa được dự toán	Uỷ ban nhân dân cấp xã	Cơ quan cấp trên	20 / 60
31/08/2026 17:39:45	Phạm Hữu Anh	Phó Chủ tịch UBND	Xã Duy Xuyên	Lệ phí do các cơ quan nhà nước thuộc cấp xã thực hiện thu	Tổ chức thu phí, lệ phí thực hiện lập và cấp chứng từ thu phí, lệ phí cho người nộp phí, lệ phí theo quy định của Chính phủ về hóa đơn, chứng từ và thủ tục hành chính thuộc lĩnh vực Kho bạc Nhà nước	Dự toán chi đầu tư phát triển được lập trên cơ sở trên cơ sở kế hoạch đầu tư trung hạn nguồn ngân sách nhà nước khả năng cân đối các nguồn lực trong năm dự toán, quy định của pháp luật	Chi hỗ trợ hoạt động thường xuyên cho các đơn vị thuộc cấp tỉnh quản lý đóng trên địa bàn	Hội đồng nhân dân cấp xã	Kho bạc nhà nước	10 / 60
31/08/2026 17:40:30	Vũ Hữu Anh	Chủ tịch UBND	Xã Thu Bồn	Tiền thu từ xử phạt vi phạm hành chính, xử phạt khác theo quy định của pháp luật do các cơ quan nhà nước cấp xã thực hiện	Người nộp phí, lệ phí thực hiện khai (nếu có), nộp phí, lệ phí theo tháng, quý, năm hoặc theo từng lần phát sinh	Xây dựng dự toán ngân sách cấp xã đảm bảo dự phòng ngân sách đạt 2% tổng chi ngân sách cấp xã (bao gồm chi bổ sung có mục tiêu từ ngân sách cấp trên)	Chi phòng, chống, khắc phục hậu quả thiên tai, thảm họa, dịch bệnh, cứu đói	Thường trực Hội đồng nhân dân cấp xã	Thanh tra tài chính	10 / 60
31/08/2026 17:41:15	Hoàng Hữu Anh	Trưởng phòng Tài chính	Xã Điện Bàn Tây	Thu từ quỹ đất công ích và thu hoa lợi công sản khác	Phí thu từ các hoạt động dịch vụ do cơ quan nhà nước cấp xã thực hiện phải nộp vào ngân sách nhà nước, trường hợp được khoán chi phí hoạt động từ nguồn thu phí thì được khấu trừ theo tỷ lệ xác định quy định; phần còn lại (nếu có) nộp ngân sách nhà nước	Dự toán thu phải thể hiện đầy đủ các khoản thu, sát khả năng thực tế	Chi cho nhiệm vụ quan trọng về quốc phòng, an ninh	Cơ quan tài chính cấp xã	Cơ quan tài chính cấp xã	20 / 60
31/08/2026 17:42:00	Phan Hữu Anh	Phó Trưởng phòng Tài chính	Xã Gò Nổi	Thu từ quỹ phòng, chống thiên tai được phân bổ cho Uỷ ban nhân dân cấp xã	Tổ chức thu lệ phí phải nộp đầy đủ, kịp thời số tiền lệ phí thu được vào ngân sách nhà nước	Dự toán ngân sách nhà nước phải tổng hợp theo từng khoản thu, chi và theo cơ cấu chi đầu tư phát triển, chi thường xuyên, dự phòng ngân sách	Chi cho các nhiệm vụ cần thiết thuộc nhiệm vụ chi của ngân sách cấp xã mà chưa được dự toán	Uỷ ban nhân dân cấp xã	Cơ quan cấp trên	20 / 60
31/08/2026 17:42:45	Bùi Hữu Anh	Công chức Văn phòng - Thống kê	Xã Tân Hiệp	Lệ phí do các cơ quan nhà nước thuộc cấp xã thực hiện thu	Tổ chức thu phí, lệ phí thực hiện lập và cấp chứng từ thu phí, lệ phí cho người nộp phí, lệ phí theo quy định của Chính phủ về hóa đơn, chứng từ và thủ tục hành chính thuộc lĩnh vực Kho bạc Nhà nước	Dự toán chi đầu tư phát triển được lập trên cơ sở trên cơ sở kế hoạch đầu tư trung hạn nguồn ngân sách nhà nước khả năng cân đối các nguồn lực trong năm dự toán, quy định của pháp luật	Chi hỗ trợ hoạt động thường xuyên cho các đơn vị thuộc cấp tỉnh quản lý đóng trên địa bàn	Hội đồng nhân dân cấp xã	Kho bạc nhà nước	10 / 60
31/08/2026 17:43:30	Đặng Hữu Anh	Công chức Địa chính - Xây dựng	Xã Đại Lộc	Tiền thu từ xử phạt vi phạm hành chính, xử phạt khác theo quy định của pháp luật do các cơ quan nhà nước cấp xã thực hiện	Người nộp phí, lệ phí thực hiện khai (nếu có), nộp phí, lệ phí theo tháng, quý, năm hoặc theo từng lần phát sinh	Xây dựng dự toán ngân sách cấp xã đảm bảo dự phòng ngân sách đạt 2% tổng chi ngân sách cấp xã (bao gồm chi bổ sung có mục tiêu từ ngân sách cấp trên)	Chi phòng, chống, khắc phục hậu quả thiên tai, thảm họa, dịch bệnh, cứu đói	Thường trực Hội đồng nhân dân cấp xã	Thanh tra tài chính	10 / 60
31/08/2026 17:44:15	Đỗ Hữu Anh	Phó Chủ tịch HĐND	Xã Hà Nha	Thu từ quỹ đất công ích và thu hoa lợi công sản khác	Phí thu từ các hoạt động dịch vụ do cơ quan nhà nước cấp xã thực hiện phải nộp vào ngân sách nhà nước, trường hợp được khoán chi phí hoạt động từ nguồn thu phí thì được khấu trừ theo tỷ lệ xác định quy định; phần còn lại (nếu có) nộp ngân sách nhà nước	Dự toán thu phải thể hiện đầy đủ các khoản thu, sát khả năng thực tế	Chi cho nhiệm vụ quan trọng về quốc phòng, an ninh	Cơ quan tài chính cấp xã	Cơ quan tài chính cấp xã	20 / 60
31/08/2026 17:45:00	Hồ Hữu Anh	Công chức Tài chính - Kế toán	Xã Thượng Đức	Thu từ quỹ phòng, chống thiên tai được phân bổ cho Uỷ ban nhân dân cấp xã	Tổ chức thu lệ phí phải nộp đầy đủ, kịp thời số tiền lệ phí thu được vào ngân sách nhà nước	Dự toán ngân sách nhà nước phải tổng hợp theo từng khoản thu, chi và theo cơ cấu chi đầu tư phát triển, chi thường xuyên, dự phòng ngân sách	Chi cho các nhiệm vụ cần thiết thuộc nhiệm vụ chi của ngân sách cấp xã mà chưa được dự toán	Uỷ ban nhân dân cấp xã	Cơ quan cấp trên	20 / 60
31/08/2026 17:45:45	Ngo Hữu Anh	Chuyên viên	Xã Vu Gia	Lệ phí do các cơ quan nhà nước thuộc cấp xã thực hiện thu	Tổ chức thu phí, lệ phí thực hiện lập và cấp chứng từ thu phí, lệ phí cho người nộp phí, lệ phí theo quy định của Chính phủ về hóa đơn, chứng từ và thủ tục hành chính thuộc lĩnh vực Kho bạc Nhà nước	Dự toán chi đầu tư phát triển được lập trên cơ sở trên cơ sở kế hoạch đầu tư trung hạn nguồn ngân sách nhà nước khả năng cân đối các nguồn lực trong năm dự toán, quy định của pháp luật	Chi hỗ trợ hoạt động thường xuyên cho các đơn vị thuộc cấp tỉnh quản lý đóng trên địa bàn	Hội đồng nhân dân cấp xã	Kho bạc nhà nước	10 / 60
31/08/2026 17:46:30	Dương Hữu Anh	Kế toán trưởng	Xã Phú Thuận	Tiền thu từ xử phạt vi phạm hành chính, xử phạt khác theo quy định của pháp luật do các cơ quan nhà nước cấp xã thực hiện	Người nộp phí, lệ phí thực hiện khai (nếu có), nộp phí, lệ phí theo tháng, quý, năm hoặc theo từng lần phát sinh	Xây dựng dự toán ngân sách cấp xã đảm bảo dự phòng ngân sách đạt 2% tổng chi ngân sách cấp xã (bao gồm chi bổ sung có mục tiêu từ ngân sách cấp trên)	Chi phòng, chống, khắc phục hậu quả thiên tai, thảm họa, dịch bệnh, cứu đói	Thường trực Hội đồng nhân dân cấp xã	Thanh tra tài chính	10 / 60
31/08/2026 17:47:15	Đinh Hữu Anh	Phó Chủ tịch UBND	Xã Thạnh Mỹ	Thu từ quỹ đất công ích và thu hoa lợi công sản khác	Phí thu từ các hoạt động dịch vụ do cơ quan nhà nước cấp xã thực hiện phải nộp vào ngân sách nhà nước, trường hợp được khoán chi phí hoạt động từ nguồn thu phí thì được khấu trừ theo tỷ lệ xác định quy định; phần còn lại (nếu có) nộp ngân sách nhà nước	Dự toán thu phải thể hiện đầy đủ các khoản thu, sát khả năng thực tế	Chi cho nhiệm vụ quan trọng về quốc phòng, an ninh	Cơ quan tài chính cấp xã	Cơ quan tài chính cấp xã	20 / 60
31/08/2026 17:48:00	Trương Hữu Anh	Chủ tịch UBND	Xã Bến Giằng	Thu từ quỹ phòng, chống thiên tai được phân bổ cho Uỷ ban nhân dân cấp xã	Tổ chức thu lệ phí phải nộp đầy đủ, kịp thời số tiền lệ phí thu được vào ngân sách nhà nước	Dự toán ngân sách nhà nước phải tổng hợp theo từng khoản thu, chi và theo cơ cấu chi đầu tư phát triển, chi thường xuyên, dự phòng ngân sách	Chi cho các nhiệm vụ cần thiết thuộc nhiệm vụ chi của ngân sách cấp xã mà chưa được dự toán	Uỷ ban nhân dân cấp xã	Cơ quan cấp trên	20 / 60
31/08/2026 17:48:45	Nguyễn Văn Bảo	Trưởng phòng Tài chính	Xã Nam Giang	Lệ phí do các cơ quan nhà nước thuộc cấp xã thực hiện thu	Tổ chức thu phí, lệ phí thực hiện lập và cấp chứng từ thu phí, lệ phí cho người nộp phí, lệ phí theo quy định của Chính phủ về hóa đơn, chứng từ và thủ tục hành chính thuộc lĩnh vực Kho bạc Nhà nước	Dự toán chi đầu tư phát triển được lập trên cơ sở trên cơ sở kế hoạch đầu tư trung hạn nguồn ngân sách nhà nước khả năng cân đối các nguồn lực trong năm dự toán, quy định của pháp luật	Chi hỗ trợ hoạt động thường xuyên cho các đơn vị thuộc cấp tỉnh quản lý đóng trên địa bàn	Hội đồng nhân dân cấp xã	Kho bạc nhà nước	10 / 60
31/08/2026 17:49:30	Trần Văn Bảo	Phó Trưởng phòng Tài chính	Xã Đắc Pring	Tiền thu từ xử phạt vi phạm hành chính, xử phạt khác theo quy định của pháp luật do các cơ quan nhà nước cấp xã thực hiện	Người nộp phí, lệ phí thực hiện khai (nếu có), nộp phí, lệ phí theo tháng, quý, năm hoặc theo từng lần phát sinh	Xây dựng dự toán ngân sách cấp xã đảm bảo dự phòng ngân sách đạt 2% tổng chi ngân sách cấp xã (bao gồm chi bổ sung có mục tiêu từ ngân sách cấp trên)	Chi phòng, chống, khắc phục hậu quả thiên tai, thảm họa, dịch bệnh, cứu đói	Thường trực Hội đồng nhân dân cấp xã	Thanh tra tài chính	10 / 60
31/08/2026 17:50:15	Lê Văn Bảo	Công chức Văn phòng - Thống kê	Xã La Dêê	Thu từ quỹ đất công ích và thu hoa lợi công sản khác	Phí thu từ các hoạt động dịch vụ do cơ quan nhà nước cấp xã thực hiện phải nộp vào ngân sách nhà nước, trường hợp được khoán chi phí hoạt động từ nguồn thu phí thì được khấu trừ theo tỷ lệ xác định quy định; phần còn lại (nếu có) nộp ngân sách nhà nước	Dự toán thu phải thể hiện đầy đủ các khoản thu, sát khả năng thực tế	Chi cho nhiệm vụ quan trọng về quốc phòng, an ninh	Cơ quan tài chính cấp xã	Cơ quan tài chính cấp xã	20 / 60
31/08/2026 17:51:00	Phạm Văn Bảo	Công chức Địa chính - Xây dựng	Xã La Êê	Thu từ quỹ phòng, chống thiên tai được phân bổ cho Uỷ ban nhân dân cấp xã	Tổ chức thu lệ phí phải nộp đầy đủ, kịp thời số tiền lệ phí thu được vào ngân sách nhà nước	Dự toán ngân sách nhà nước phải tổng hợp theo từng khoản thu, chi và theo cơ cấu chi đầu tư phát triển, chi thường xuyên, dự phòng ngân sách	Chi cho các nhiệm vụ cần thiết thuộc nhiệm vụ chi của ngân sách cấp xã mà chưa được dự toán	Uỷ ban nhân dân cấp xã	Cơ quan cấp trên	20 / 60
31/08/2026 17:51:45	Vũ Văn Bảo	Phó Chủ tịch HĐND	Xã Sông Vàng	Lệ phí do các cơ quan nhà nước thuộc cấp xã thực hiện thu	Tổ chức thu phí, lệ phí thực hiện lập và cấp chứng từ thu phí, lệ phí cho người nộp phí, lệ phí theo quy định của Chính phủ về hóa đơn, chứng từ và thủ tục hành chính thuộc lĩnh vực Kho bạc Nhà nước	Dự toán chi đầu tư phát triển được lập trên cơ sở trên cơ sở kế hoạch đầu tư trung hạn nguồn ngân sách nhà nước khả năng cân đối các nguồn lực trong năm dự toán, quy định của pháp luật	Chi hỗ trợ hoạt động thường xuyên cho các đơn vị thuộc cấp tỉnh quản lý đóng trên địa bàn	Hội đồng nhân dân cấp xã	Kho bạc nhà nước	10 / 60
31/08/2026 17:52:30	Hoàng Văn Bảo	Công chức Tài chính - Kế toán	Xã Sông Kôn	Tiền thu từ xử phạt vi phạm hành chính, xử phạt khác theo quy định của pháp luật do các cơ quan nhà nước cấp xã thực hiện	Người nộp phí, lệ phí thực hiện khai (nếu có), nộp phí, lệ phí theo tháng, quý, năm hoặc theo từng lần phát sinh	Xây dựng dự toán ngân sách cấp xã đảm bảo dự phòng ngân sách đạt 2% tổng chi ngân sách cấp xã (bao gồm chi bổ sung có mục tiêu từ ngân sách cấp trên)	Chi phòng, chống, khắc phục hậu quả thiên tai, thảm họa, dịch bệnh, cứu đói	Thường trực Hội đồng nhân dân cấp xã	Thanh tra tài chính	10 / 60
31/08/2026 17:53:15	Phan Văn Bảo	Chuyên viên	Xã Đông Giang	Thu từ quỹ đất công ích và thu hoa lợi công sản khác	Phí thu từ các hoạt động dịch vụ do cơ quan nhà nước cấp xã thực hiện phải nộp vào ngân sách nhà nước, trường hợp được khoán chi phí hoạt động từ nguồn thu phí thì được khấu trừ theo tỷ lệ xác định quy định; phần còn lại (nếu có) nộp ngân sách nhà nước	Dự toán thu phải thể hiện đầy đủ các khoản thu, sát khả năng thực tế	Chi cho nhiệm vụ quan trọng về quốc phòng, an ninh	Cơ quan tài chính cấp xã	Cơ quan tài chính cấp xã	20 / 60
31/08/2026 17:54:00	Bùi Văn Bảo	Kế toán trưởng	Xã Avương	Thu từ quỹ phòng, chống thiên tai được phân bổ cho Uỷ ban nhân dân cấp xã	Tổ chức thu lệ phí phải nộp đầy đủ, kịp thời số tiền lệ phí thu được vào ngân sách nhà nước	Dự toán ngân sách nhà nước phải tổng hợp theo từng khoản thu, chi và theo cơ cấu chi đầu tư phát triển, chi thường xuyên, dự phòng ngân sách	Chi cho các nhiệm vụ cần thiết thuộc nhiệm vụ chi của ngân sách cấp xã mà chưa được dự toán	Uỷ ban nhân dân cấp xã	Cơ quan cấp trên	20 / 60
31/08/2026 17:54:45	Đặng Văn Bảo	Phó Chủ tịch UBND	Xã Tây Giang	Lệ phí do các cơ quan nhà nước thuộc cấp xã thực hiện thu	Tổ chức thu phí, lệ phí thực hiện lập và cấp chứng từ thu phí, lệ phí cho người nộp phí, lệ phí theo quy định của Chính phủ về hóa đơn, chứng từ và thủ tục hành chính thuộc lĩnh vực Kho bạc Nhà nước	Dự toán chi đầu tư phát triển được lập trên cơ sở trên cơ sở kế hoạch đầu tư trung hạn nguồn ngân sách nhà nước khả năng cân đối các nguồn lực trong năm dự toán, quy định của pháp luật	Chi hỗ trợ hoạt động thường xuyên cho các đơn vị thuộc cấp tỉnh quản lý đóng trên địa bàn	Hội đồng nhân dân cấp xã	Kho bạc nhà nước	10 / 60
31/08/2026 17:55:30	Đỗ Văn Bảo	Chủ tịch UBND	Xã Hiệp Đức	Tiền thu từ xử phạt vi phạm hành chính, xử phạt khác theo quy định của pháp luật do các cơ quan nhà nước cấp xã thực hiện	Người nộp phí, lệ phí thực hiện khai (nếu có), nộp phí, lệ phí theo tháng, quý, năm hoặc theo từng lần phát sinh	Xây dựng dự toán ngân sách cấp xã đảm bảo dự phòng ngân sách đạt 2% tổng chi ngân sách cấp xã (bao gồm chi bổ sung có mục tiêu từ ngân sách cấp trên)	Chi phòng, chống, khắc phục hậu quả thiên tai, thảm họa, dịch bệnh, cứu đói	Thường trực Hội đồng nhân dân cấp xã	Thanh tra tài chính	10 / 60
31/08/2026 17:56:15	Hồ Văn Bảo	Trưởng phòng Tài chính	Xã Việt An	Thu từ quỹ đất công ích và thu hoa lợi công sản khác	Phí thu từ các hoạt động dịch vụ do cơ quan nhà nước cấp xã thực hiện phải nộp vào ngân sách nhà nước, trường hợp được khoán chi phí hoạt động từ nguồn thu phí thì được khấu trừ theo tỷ lệ xác định quy định; phần còn lại (nếu có) nộp ngân sách nhà nước	Dự toán thu phải thể hiện đầy đủ các khoản thu, sát khả năng thực tế	Chi cho nhiệm vụ quan trọng về quốc phòng, an ninh	Cơ quan tài chính cấp xã	Cơ quan tài chính cấp xã	20 / 60
31/08/2026 17:57:00	Ngo Văn Bảo	Phó Trưởng phòng Tài chính	Xã Phước Trà	Thu từ quỹ phòng, chống thiên tai được phân bổ cho Uỷ ban nhân dân cấp xã	Tổ chức thu lệ phí phải nộp đầy đủ, kịp thời số tiền lệ phí thu được vào ngân sách nhà nước	Dự toán ngân sách nhà nước phải tổng hợp theo từng khoản thu, chi và theo cơ cấu chi đầu tư phát triển, chi thường xuyên, dự phòng ngân sách	Chi cho các nhiệm vụ cần thiết thuộc nhiệm vụ chi của ngân sách cấp xã mà chưa được dự toán	Uỷ ban nhân dân cấp xã	Cơ quan cấp trên	20 / 60
31/08/2026 17:57:45	Dương Văn Bảo	Công chức Văn phòng - Thống kê	Xã Khâm Đức	Lệ phí do các cơ quan nhà nước thuộc cấp xã thực hiện thu	Tổ chức thu phí, lệ phí thực hiện lập và cấp chứng từ thu phí, lệ phí cho người nộp phí, lệ phí theo quy định của Chính phủ về hóa đơn, chứng từ và thủ tục hành chính thuộc lĩnh vực Kho bạc Nhà nước	Dự toán chi đầu tư phát triển được lập trên cơ sở trên cơ sở kế hoạch đầu tư trung hạn nguồn ngân sách nhà nước khả năng cân đối các nguồn lực trong năm dự toán, quy định của pháp luật	Chi hỗ trợ hoạt động thường xuyên cho các đơn vị thuộc cấp tỉnh quản lý đóng trên địa bàn	Hội đồng nhân dân cấp xã	Kho bạc nhà nước	10 / 60
31/08/2026 17:58:30	Đinh Văn Bảo	Công chức Địa chính - Xây dựng	Xã Phước Năng	Tiền thu từ xử phạt vi phạm hành chính, xử phạt khác theo quy định của pháp luật do các cơ quan nhà nước cấp xã thực hiện	Người nộp phí, lệ phí thực hiện khai (nếu có), nộp phí, lệ phí theo tháng, quý, năm hoặc theo từng lần phát sinh	Xây dựng dự toán ngân sách cấp xã đảm bảo dự phòng ngân sách đạt 2% tổng chi ngân sách cấp xã (bao gồm chi bổ sung có mục tiêu từ ngân sách cấp trên)	Chi phòng, chống, khắc phục hậu quả thiên tai, thảm họa, dịch bệnh, cứu đói	Thường trực Hội đồng nhân dân cấp xã	Thanh tra tài chính	10 / 60
31/08/2026 17:59:15	Trương Văn Bảo	Phó Chủ tịch HĐND	Xã Phước Chánh	Thu từ quỹ đất công ích và thu hoa lợi công sản khác	Phí thu từ các hoạt động dịch vụ do cơ quan nhà nước cấp xã thực hiện phải nộp vào ngân sách nhà nước, trường hợp được khoán chi phí hoạt động từ nguồn thu phí thì được khấu trừ theo tỷ lệ xác định quy định; phần còn lại (nếu có) nộp ngân sách nhà nước	Dự toán thu phải thể hiện đầy đủ các khoản thu, sát khả năng thực tế	Chi cho nhiệm vụ quan trọng về quốc phòng, an ninh	Cơ quan tài chính cấp xã	Cơ quan tài chính cấp xã	20 / 60
31/08/2026 18:00:00	Nguyễn Thị Bảo	Công chức Tài chính - Kế toán	Xã Phước Thành	Thu từ quỹ phòng, chống thiên tai được phân bổ cho Uỷ ban nhân dân cấp xã	Tổ chức thu lệ phí phải nộp đầy đủ, kịp thời số tiền lệ phí thu được vào ngân sách nhà nước	Dự toán ngân sách nhà nước phải tổng hợp theo từng khoản thu, chi và theo cơ cấu chi đầu tư phát triển, chi thường xuyên, dự phòng ngân sách	Chi cho các nhiệm vụ cần thiết thuộc nhiệm vụ chi của ngân sách cấp xã mà chưa được dự toán	Uỷ ban nhân dân cấp xã	Cơ quan cấp trên	20 / 60
31/08/2026 18:00:45	Trần Thị Bảo	Chuyên viên	Xã Phước Hiệp	Lệ phí do các cơ quan nhà nước thuộc cấp xã thực hiện thu	Tổ chức thu phí, lệ phí thực hiện lập và cấp chứng từ thu phí, lệ phí cho người nộp phí, lệ phí theo quy định của Chính phủ về hóa đơn, chứng từ và thủ tục hành chính thuộc lĩnh vực Kho bạc Nhà nước	Dự toán chi đầu tư phát triển được lập trên cơ sở trên cơ sở kế hoạch đầu tư trung hạn nguồn ngân sách nhà nước khả năng cân đối các nguồn lực trong năm dự toán, quy định của pháp luật	Chi hỗ trợ hoạt động thường xuyên cho các đơn vị thuộc cấp tỉnh quản lý đóng trên địa bàn	Hội đồng nhân dân cấp xã	Kho bạc nhà nước	10 / 60
31/08/2026 18:01:30	Lê Thị Bảo	Kế toán trưởng	Xã Lãnh Ngọc	Tiền thu từ xử phạt vi phạm hành chính, xử phạt khác theo quy định của pháp luật do các cơ quan nhà nước cấp xã thực hiện	Người nộp phí, lệ phí thực hiện khai (nếu có), nộp phí, lệ phí theo tháng, quý, năm hoặc theo từng lần phát sinh	Xây dựng dự toán ngân sách cấp xã đảm bảo dự phòng ngân sách đạt 2% tổng chi ngân sách cấp xã (bao gồm chi bổ sung có mục tiêu từ ngân sách cấp trên)	Chi phòng, chống, khắc phục hậu quả thiên tai, thảm họa, dịch bệnh, cứu đói	Thường trực Hội đồng nhân dân cấp xã	Thanh tra tài chính	10 / 60
31/08/2026 18:02:15	Phạm Thị Bảo	Phó Chủ tịch UBND	Sở Tài chính	Thu từ quỹ đất công ích và thu hoa lợi công sản khác	Phí thu từ các hoạt động dịch vụ do cơ quan nhà nước cấp xã thực hiện phải nộp vào ngân sách nhà nước, trường hợp được khoán chi phí hoạt động từ nguồn thu phí thì được khấu trừ theo tỷ lệ xác định quy định; phần còn lại (nếu có) nộp ngân sách nhà nước	Dự toán thu phải thể hiện đầy đủ các khoản thu, sát khả năng thực tế	Chi cho nhiệm vụ quan trọng về quốc phòng, an ninh	Cơ quan tài chính cấp xã	Cơ quan tài chính cấp xã	20 / 60
31/08/2026 18:03:00	Vũ Thị Bảo	Chủ tịch UBND	Phường Hải Châu	Thu từ quỹ phòng, chống thiên tai được phân bổ cho Uỷ ban nhân dân cấp xã	Tổ chức thu lệ phí phải nộp đầy đủ, kịp thời số tiền lệ phí thu được vào ngân sách nhà nước	Dự toán ngân sách nhà nước phải tổng hợp theo từng khoản thu, chi và theo cơ cấu chi đầu tư phát triển, chi thường xuyên, dự phòng ngân sách	Chi cho các nhiệm vụ cần thiết thuộc nhiệm vụ chi của ngân sách cấp xã mà chưa được dự toán	Uỷ ban nhân dân cấp xã	Cơ quan cấp trên	20 / 60
31/08/2026 18:03:45	Hoàng Thị Bảo	Trưởng phòng Tài chính	Phường Hòa Cường	Lệ phí do các cơ quan nhà nước thuộc cấp xã thực hiện thu	Tổ chức thu phí, lệ phí thực hiện lập và cấp chứng từ thu phí, lệ phí cho người nộp phí, lệ phí theo quy định của Chính phủ về hóa đơn, chứng từ và thủ tục hành chính thuộc lĩnh vực Kho bạc Nhà nước	Dự toán chi đầu tư phát triển được lập trên cơ sở trên cơ sở kế hoạch đầu tư trung hạn nguồn ngân sách nhà nước khả năng cân đối các nguồn lực trong năm dự toán, quy định của pháp luật	Chi hỗ trợ hoạt động thường xuyên cho các đơn vị thuộc cấp tỉnh quản lý đóng trên địa bàn	Hội đồng nhân dân cấp xã	Kho bạc nhà nước	10 / 60
31/08/2026 18:04:30	Phan Thị Bảo	Phó Trưởng phòng Tài chính	Phường Thanh Khê	Tiền thu từ xử phạt vi phạm hành chính, xử phạt khác theo quy định của pháp luật do các cơ quan nhà nước cấp xã thực hiện	Người nộp phí, lệ phí thực hiện khai (nếu có), nộp phí, lệ phí theo tháng, quý, năm hoặc theo từng lần phát sinh	Xây dựng dự toán ngân sách cấp xã đảm bảo dự phòng ngân sách đạt 2% tổng chi ngân sách cấp xã (bao gồm chi bổ sung có mục tiêu từ ngân sách cấp trên)	Chi phòng, chống, khắc phục hậu quả thiên tai, thảm họa, dịch bệnh, cứu đói	Thường trực Hội đồng nhân dân cấp xã	Thanh tra tài chính	10 / 60
31/08/2026 18:05:15	Bùi Thị Bảo	Công chức Văn phòng - Thống kê	Phường An Khê	Thu từ quỹ đất công ích và thu hoa lợi công sản khác	Phí thu từ các hoạt động dịch vụ do cơ quan nhà nước cấp xã thực hiện phải nộp vào ngân sách nhà nước, trường hợp được khoán chi phí hoạt động từ nguồn thu phí thì được khấu trừ theo tỷ lệ xác định quy định; phần còn lại (nếu có) nộp ngân sách nhà nước	Dự toán thu phải thể hiện đầy đủ các khoản thu, sát khả năng thực tế	Chi cho nhiệm vụ quan trọng về quốc phòng, an ninh	Cơ quan tài chính cấp xã	Cơ quan tài chính cấp xã	20 / 60
31/08/2026 18:06:00	Đặng Thị Bảo	Công chức Địa chính - Xây dựng	Phường An Hải	Thu từ quỹ phòng, chống thiên tai được phân bổ cho Uỷ ban nhân dân cấp xã	Tổ chức thu lệ phí phải nộp đầy đủ, kịp thời số tiền lệ phí thu được vào ngân sách nhà nước	Dự toán ngân sách nhà nước phải tổng hợp theo từng khoản thu, chi và theo cơ cấu chi đầu tư phát triển, chi thường xuyên, dự phòng ngân sách	Chi cho các nhiệm vụ cần thiết thuộc nhiệm vụ chi của ngân sách cấp xã mà chưa được dự toán	Uỷ ban nhân dân cấp xã	Cơ quan cấp trên	20 / 60
31/08/2026 18:06:45	Đỗ Thị Bảo	Phó Chủ tịch HĐND	Phường Sơn Trà	Lệ phí do các cơ quan nhà nước thuộc cấp xã thực hiện thu	Tổ chức thu phí, lệ phí thực hiện lập và cấp chứng từ thu phí, lệ phí cho người nộp phí, lệ phí theo quy định của Chính phủ về hóa đơn, chứng từ và thủ tục hành chính thuộc lĩnh vực Kho bạc Nhà nước	Dự toán chi đầu tư phát triển được lập trên cơ sở trên cơ sở kế hoạch đầu tư trung hạn nguồn ngân sách nhà nước khả năng cân đối các nguồn lực trong năm dự toán, quy định của pháp luật	Chi hỗ trợ hoạt động thường xuyên cho các đơn vị thuộc cấp tỉnh quản lý đóng trên địa bàn	Hội đồng nhân dân cấp xã	Kho bạc nhà nước	10 / 60